customer_id,num_sessions,avg_session_dur_min,pages_per_session,cart_add_rate,checkout_rate,num_purchases,total_revenue_usd,avg_order_value,days_since_last_purchase,return_rate,device_type,region,acquisition_channel
CUST00001,33,16.2,11.09,0.5624,0.3919,17,3699.34,217.61,30,0.0593,mobile,International,organic
CUST00002,33,15.87,10.9,0.433,0.3674,18,373.94,20.77,36,0.137,mobile,East,organic
CUST00003,33,15.7,10.81,0.5681,0.3921,17,183.37,10.79,46,0.1663,desktop,West,social
CUST00004,33,16.09,11.05,0.4875,0.4106,16,817.89,51.12,47,0.1482,mobile,East,direct
CUST00005,32,15.58,10.69,0.5646,0.4622,16,692.35,43.27,55,0.1614,mobile,North,social
CUST00006,35,16.6,11.48,0.5608,0.4212,17,10.9,5.0,54,0.0966,mobile,East,social
CUST00007,32,15.81,10.82,0.6069,0.4013,16,243.87,15.24,40,0.0906,desktop,International,social
CUST00008,32,15.75,10.74,0.5887,0.4668,17,150.3,8.84,27,0.0826,desktop,North,email
CUST00009,33,15.96,11.05,0.578,0.3683,18,399.41,22.19,52,0.1051,mobile,West,direct
CUST00010,33,16.09,11.02,0.5707,0.426,16,192.64,12.04,41,0.1093,mobile,North,paid_search
CUST00011,34,16.41,11.22,0.5419,0.3824,17,220.26,12.96,45,0.1217,desktop,South,paid_search
CUST00012,31,15.37,10.58,0.5169,0.409,17,84.25,5.0,34,0.11,tablet,South,email
CUST00013,33,16.16,11.11,0.5448,0.3708,17,606.23,35.66,45,0.1044,mobile,West,direct
CUST00014,32,15.68,10.85,0.5699,0.3986,18,1889.82,104.99,35,0.0772,mobile,East,organic
CUST00015,32,15.63,10.77,0.5054,0.3729,17,85.88,5.05,35,0.1632,desktop,South,social
CUST00016,32,15.76,10.81,0.5427,0.4603,16,43.57,5.0,52,0.1118,desktop,West,email
CUST00017,34,16.26,11.35,0.5416,0.3726,17,250.81,14.75,34,0.1075,desktop,North,paid_search
CUST00018,33,16.26,11.12,0.4736,0.3512,17,236.18,13.89,30,0.0809,desktop,North,paid_search
CUST00019,33,15.99,10.98,0.6106,0.5175,15,1039.28,69.29,35,0.049,desktop,North,social
CUST00020,33,16.06,11.07,0.5237,0.4408,17,53.61,5.0,60,0.1704,mobile,West,organic
CUST00021,33,15.9,10.95,0.6323,0.2795,18,125.91,7.0,48,0.1383,mobile,East,paid_search
CUST00022,32,15.6,10.78,0.437,0.3615,18,17.24,5.0,40,0.0325,desktop,West,direct
CUST00023,32,15.75,10.97,0.5041,0.3098,17,1337.18,78.66,35,0.1543,desktop,East,social
CUST00024,32,15.6,10.78,0.5222,0.344,17,333.44,19.61,55,0.1531,desktop,North,email
CUST00025,33,16.25,11.07,0.5854,0.2408,17,138.05,8.12,45,0.1178,tablet,West,email
CUST00026,31,15.3,10.58,0.5393,0.3837,17,47.79,5.0,50,0.1894,desktop,South,social
CUST00027,33,15.88,11.01,0.546,0.3421,18,53.53,5.0,41,0.124,desktop,International,email
CUST00028,33,16.09,11.0,0.4676,0.3972,16,408.17,25.51,43,0.0416,mobile,South,organic
CUST00029,33,16.09,10.92,0.5004,0.3396,17,62.31,5.0,39,0.1319,mobile,North,social
CUST00030,33,15.99,10.96,0.5253,0.3869,18,278.23,15.46,36,0.1276,desktop,East,social
CUST00031,34,16.29,11.16,0.4445,0.3647,18,3051.41,169.52,54,0.0771,mobile,North,social
CUST00032,34,16.33,11.15,0.528,0.4931,16,159.28,9.96,48,0.1391,mobile,North,organic
CUST00033,33,16.08,11.06,0.5432,0.4603,16,74.62,5.0,42,0.0294,tablet,East,organic
CUST00034,32,15.55,10.64,0.4823,0.4392,16,392.23,24.51,29,0.1678,desktop,North,organic
CUST00035,32,15.68,10.69,0.6009,0.3753,17,53.84,5.0,52,0.064,mobile,North,social
CUST00036,33,16.22,11.07,0.6038,0.508,16,2047.66,127.98,41,0.0639,desktop,South,direct
CUST00037,33,16.23,11.12,0.457,0.3256,16,1385.33,86.58,53,0.1019,mobile,East,direct
CUST00038,34,16.2,11.07,0.4824,0.3279,17,199.78,11.75,39,0.1354,mobile,South,organic
CUST00039,32,15.78,10.84,0.4138,0.3932,17,80.78,5.0,49,0.118,desktop,North,paid_search
CUST00040,35,16.86,11.6,0.4923,0.5127,16,144.62,9.04,38,0.0778,desktop,East,organic
CUST00041,32,15.59,10.76,0.5739,0.3931,18,169.83,9.44,49,0.0841,mobile,West,paid_search
CUST00042,34,16.35,11.35,0.5099,0.3902,18,392.98,21.83,27,0.063,mobile,West,email
CUST00043,33,15.88,11.04,0.5379,0.315,16,883.69,55.23,49,0.0982,mobile,South,direct
CUST00044,33,15.92,10.96,0.4535,0.4459,17,68.02,5.0,36,0.1694,tablet,North,organic
CUST00045,33,16.05,11.01,0.5845,0.4579,17,852.89,50.17,20,0.1225,desktop,East,organic
CUST00046,34,16.34,11.17,0.4857,0.4255,16,524.76,32.8,39,0.1573,mobile,West,organic
CUST00047,33,15.8,10.93,0.5352,0.371,17,130.69,7.69,43,0.185,mobile,East,paid_search
CUST00048,32,15.62,10.82,0.4999,0.3438,17,63.93,5.0,36,0.0863,desktop,North,email
CUST00049,33,16.15,11.0,0.4446,0.3173,17,282.47,16.62,40,0.1046,desktop,North,social
CUST00050,32,15.59,10.69,0.4694,0.4008,17,66.1,5.0,52,0.2168,desktop,International,email
CUST00051,33,16.2,11.18,0.581,0.3469,18,866.45,48.14,33,0.1887,mobile,West,social
CUST00052,32,15.4,10.64,0.5323,0.3263,17,61.06,5.0,39,0.0308,tablet,South,organic
CUST00053,34,16.25,11.14,0.6295,0.4143,17,481.31,28.31,33,0.1361,mobile,South,organic
CUST00054,34,16.42,11.33,0.55,0.3774,17,221.5,13.03,36,0.1154,mobile,West,organic
CUST00055,32,15.59,10.79,0.529,0.3656,17,122.43,7.2,41,0.1541,mobile,North,email
CUST00056,35,16.99,11.77,0.4135,0.3987,17,215.51,12.68,56,0.0692,mobile,East,email
CUST00057,33,15.82,10.86,0.5262,0.4104,17,928.85,54.64,51,0.0665,tablet,West,email
CUST00058,32,15.68,10.84,0.5328,0.3877,17,56.11,5.0,40,0.0795,desktop,South,organic
CUST00059,33,16.01,11.15,0.6139,0.3973,18,147.07,8.17,38,0.0863,desktop,North,email
CUST00060,31,15.07,10.42,0.5619,0.3474,17,96.69,5.69,35,0.1565,mobile,North,organic
CUST00061,32,15.63,10.76,0.6003,0.3991,17,233.29,13.72,35,0.0567,mobile,International,organic
CUST00062,32,15.51,10.68,0.5504,0.399,17,105.04,6.18,48,0.0789,mobile,East,paid_search
CUST00063,35,16.78,11.51,0.4949,0.3241,16,27.55,5.0,35,0.0265,desktop,West,paid_search
CUST00064,35,16.89,11.76,0.5448,0.4556,16,66.47,5.0,47,0.161,desktop,East,email
CUST00065,34,16.61,11.39,0.5273,0.3435,17,1849.9,108.82,35,0.179,mobile,International,social
CUST00066,32,15.57,10.71,0.4772,0.3989,15,331.87,22.12,51,0.0923,mobile,International,organic
CUST00067,33,15.89,10.88,0.4889,0.4401,18,318.08,17.67,54,0.0922,mobile,East,organic
CUST00068,33,15.88,10.92,0.5165,0.4427,18,172.59,9.59,55,0.1298,tablet,South,organic
CUST00069,34,16.52,11.39,0.6054,0.3968,16,229.58,14.35,39,0.188,mobile,East,organic
CUST00070,33,16.1,11.03,0.4129,0.3706,17,143.9,8.46,46,0.1315,mobile,West,organic
CUST00071,33,15.99,11.06,0.5942,0.4493,18,469.11,26.06,52,0.073,mobile,East,social
CUST00072,35,16.95,11.56,0.4518,0.4082,17,277.14,16.3,37,0.0338,mobile,West,organic
CUST00073,33,16.16,11.09,0.448,0.3575,17,57.59,5.0,47,0.0549,mobile,North,email
CUST00074,32,15.66,10.85,0.5955,0.3642,17,334.75,19.69,48,0.1136,desktop,South,paid_search
CUST00075,34,16.41,11.36,0.5657,0.2946,18,11.74,5.0,38,0.0821,tablet,West,paid_search
CUST00076,32,15.63,10.71,0.5802,0.3968,18,407.97,22.67,37,0.1245,mobile,North,paid_search
CUST00077,33,15.99,10.93,0.5666,0.3921,18,42.92,5.0,47,0.0826,mobile,South,social
CUST00078,33,16.3,11.12,0.6253,0.4497,17,217.32,12.78,33,0.0637,desktop,International,paid_search
CUST00079,34,16.39,11.18,0.5639,0.4215,18,55.95,5.0,43,0.0537,desktop,East,organic
CUST00080,34,16.38,11.27,0.513,0.4585,17,245.55,14.44,43,0.1901,mobile,International,direct
CUST00081,33,15.99,11.11,0.5502,0.3664,17,499.83,29.4,26,0.1648,desktop,West,organic
CUST00082,32,15.55,10.71,0.5708,0.4392,18,1565.92,87.0,35,0.202,desktop,West,direct
CUST00083,34,16.29,11.25,0.4945,0.3752,17,36.46,5.0,50,0.1361,mobile,East,organic
CUST00084,33,15.98,11.03,0.4833,0.4268,18,816.37,45.35,44,0.0904,desktop,North,email
CUST00085,32,15.68,10.75,0.5052,0.3187,17,287.72,16.92,47,0.1766,desktop,East,paid_search
CUST00086,32,15.75,10.74,0.4231,0.4093,17,140.24,8.25,47,0.1089,desktop,South,paid_search
CUST00087,33,15.79,10.84,0.535,0.2982,16,625.49,39.09,54,0.1183,mobile,International,organic
CUST00088,32,15.7,10.71,0.4278,0.3794,17,182.84,10.76,30,0.1159,mobile,South,organic
CUST00089,34,16.39,11.27,0.5255,0.4153,17,593.63,34.92,51,0.001,mobile,North,email
CUST00090,33,15.96,10.99,0.5644,0.3659,17,71.84,5.0,50,0.1896,desktop,East,email
CUST00091,33,16.14,11.19,0.5218,0.3586,17,111.96,6.59,39,0.1386,mobile,East,paid_search
CUST00092,34,16.28,11.21,0.6034,0.4331,17,784.85,46.17,42,0.129,mobile,North,paid_search
CUST00093,33,15.97,11.02,0.4415,0.3817,17,1532.57,90.15,37,0.1113,desktop,North,organic
CUST00094,35,16.74,11.39,0.5975,0.3806,18,234.33,13.02,48,0.1178,mobile,West,social
CUST00095,34,16.39,11.27,0.5612,0.399,18,7.82,5.0,49,0.0796,desktop,East,organic
CUST00096,32,15.6,10.78,0.4311,0.5205,16,191.36,11.96,48,0.1414,mobile,North,organic
CUST00097,32,15.7,10.72,0.6626,0.4543,17,254.69,14.98,27,0.0542,mobile,East,social
CUST00098,34,16.37,11.29,0.514,0.4471,16,183.55,11.47,39,0.1236,mobile,South,paid_search
CUST00099,32,15.37,10.62,0.5059,0.436,18,370.71,20.6,46,0.1388,tablet,North,organic
CUST00100,31,15.23,10.45,0.4729,0.4175,17,135.77,7.99,32,0.1072,desktop,International,organic
CUST00101,21,10.83,7.49,0.4159,0.1989,11,689.62,62.69,98,0.1062,mobile,South,social
CUST00102,22,11.32,7.88,0.437,0.2976,10,57.91,5.79,99,0.0374,tablet,North,organic
CUST00103,23,11.57,7.98,0.4471,0.3064,11,1127.44,102.49,106,0.035,desktop,International,email
CUST00104,21,10.81,7.56,0.4374,0.2447,11,1660.03,150.91,103,0.0965,mobile,West,paid_search
CUST00105,24,12.22,8.42,0.4682,0.2683,12,79.22,6.6,97,0.1217,mobile,South,organic
CUST00106,25,12.44,8.67,0.4393,0.2444,11,79.17,7.2,89,0.001,mobile,South,email
CUST00107,23,11.74,8.31,0.3567,0.3375,10,406.37,40.64,92,0.1162,desktop,West,paid_search
CUST00108,24,11.98,8.27,0.4038,0.3475,10,56.46,5.65,114,0.0527,desktop,South,paid_search
CUST00109,22,11.33,7.95,0.3263,0.3879,12,133.16,11.1,97,0.0781,mobile,East,paid_search
CUST00110,24,12.24,8.45,0.4341,0.3312,10,955.08,95.51,99,0.0203,mobile,East,organic
CUST00111,23,11.65,8.17,0.3856,0.2765,10,608.54,60.85,98,0.0446,mobile,South,social
CUST00112,21,11.04,7.55,0.4522,0.2354,11,2823.85,256.71,106,0.1323,mobile,East,paid_search
CUST00113,22,11.27,7.87,0.4864,0.226,11,302.16,27.47,89,0.0927,mobile,East,social
CUST00114,21,10.99,7.66,0.3944,0.2668,11,115.07,10.46,104,0.0654,mobile,North,social
CUST00115,22,11.45,7.96,0.4741,0.2697,11,260.68,23.7,107,0.0772,mobile,West,social
CUST00116,25,12.41,8.54,0.4138,0.3174,11,203.16,18.47,96,0.1128,tablet,North,email
CUST00117,22,11.53,8.01,0.5197,0.272,11,206.71,18.79,91,0.1124,mobile,East,social
CUST00118,22,11.23,7.8,0.409,0.3359,11,237.6,21.6,117,0.0751,mobile,East,paid_search
CUST00119,21,10.74,7.57,0.4114,0.3277,12,77.41,6.45,99,0.1412,mobile,West,paid_search
CUST00120,23,11.8,8.16,0.4736,0.3288,13,346.74,26.67,88,0.1402,mobile,South,organic
CUST00121,22,11.37,7.96,0.4003,0.372,10,42.95,5.0,97,0.1089,desktop,West,email
CUST00122,22,11.14,7.78,0.3737,0.2511,11,100.95,9.18,106,0.0862,desktop,North,email
CUST00123,24,12.25,8.47,0.423,0.3552,11,211.28,19.21,86,0.1259,mobile,West,organic
CUST00124,23,11.53,8.03,0.4211,0.3153,12,15.02,5.0,92,0.1052,mobile,West,email
CUST00125,21,11.07,7.77,0.4995,0.3063,11,632.59,57.51,109,0.1354,mobile,West,social
CUST00126,23,11.88,8.24,0.3641,0.3893,10,19.38,5.0,93,0.1346,mobile,East,paid_search
CUST00127,22,11.19,7.86,0.4296,0.3638,11,559.5,50.86,105,0.0333,desktop,South,organic
CUST00128,23,11.52,8.09,0.455,0.269,11,49.56,5.0,97,0.033,mobile,North,paid_search
CUST00129,22,11.4,7.89,0.4324,0.3064,11,148.39,13.49,91,0.0553,desktop,South,social
CUST00130,23,11.73,8.08,0.4873,0.3288,11,464.61,42.24,91,0.1391,desktop,East,organic
CUST00131,21,10.77,7.51,0.4386,0.3171,11,3696.16,336.01,93,0.0108,mobile,North,paid_search
CUST00132,22,11.2,7.74,0.4014,0.3353,10,282.54,28.25,97,0.1074,mobile,International,direct
CUST00133,23,11.64,8.17,0.4524,0.3296,11,21.14,5.0,111,0.0994,tablet,West,social
CUST00134,22,11.49,7.98,0.4236,0.4039,11,794.7,72.25,97,0.1458,mobile,North,paid_search
CUST00135,22,11.03,7.7,0.4103,0.2444,12,183.74,15.31,102,0.0944,mobile,East,paid_search
CUST00136,23,11.88,8.19,0.4456,0.307,11,266.76,24.25,85,0.0257,mobile,West,organic
CUST00137,20,10.41,7.31,0.3916,0.2712,11,487.38,44.31,99,0.0388,desktop,North,direct
CUST00138,23,11.7,8.08,0.3963,0.3489,11,15.66,5.0,98,0.0278,mobile,East,direct
CUST00139,24,11.99,8.35,0.412,0.2468,11,246.68,22.43,101,0.0591,tablet,South,social
CUST00140,22,11.25,7.9,0.4968,0.3378,11,147.52,13.41,100,0.0768,desktop,North,organic
CUST00141,23,11.6,8.06,0.302,0.3153,12,1106.72,92.23,100,0.028,desktop,East,organic
CUST00142,24,12.07,8.36,0.4493,0.284,10,600.7,60.07,106,0.1573,mobile,International,organic
CUST00143,21,10.71,7.44,0.432,0.249,11,32.8,5.0,83,0.0275,desktop,South,paid_search
CUST00144,23,11.63,8.13,0.348,0.2994,11,1163.91,105.81,115,0.1465,mobile,East,organic
CUST00145,23,11.65,8.1,0.4609,0.3873,10,426.34,42.63,88,0.151,mobile,South,social
CUST00146,23,11.66,8.09,0.4532,0.3194,11,36.19,5.0,79,0.1409,tablet,West,paid_search
CUST00147,23,11.58,8.06,0.4678,0.359,11,262.14,23.83,104,0.0496,mobile,West,organic
CUST00148,23,11.86,8.23,0.2909,0.3992,11,878.46,79.86,101,0.1028,tablet,North,social
CUST00149,23,11.75,8.07,0.5078,0.3417,12,54.62,5.0,101,0.0217,mobile,West,organic
CUST00150,22,11.39,7.93,0.3849,0.2868,11,1341.48,121.95,94,0.1345,tablet,North,email
CUST00151,23,11.95,8.32,0.4569,0.3387,12,37.78,5.0,86,0.0889,mobile,North,paid_search
CUST00152,23,11.64,8.08,0.4974,0.3175,11,92.08,8.37,107,0.0624,desktop,West,paid_search
CUST00153,21,10.73,7.43,0.4114,0.3155,11,76.36,6.94,98,0.0261,mobile,South,organic
CUST00154,23,11.6,8.04,0.4528,0.2372,12,1340.41,111.7,96,0.001,mobile,East,direct
CUST00155,23,11.51,8.07,0.4255,0.3789,11,133.42,12.13,96,0.0364,desktop,West,social
CUST00156,22,11.14,7.79,0.3378,0.3107,12,58.19,5.0,87,0.1482,desktop,North,paid_search
CUST00157,24,12.22,8.47,0.4865,0.3287,10,424.07,42.41,98,0.0669,mobile,South,organic
CUST00158,23,11.67,7.97,0.411,0.2847,10,553.72,55.37,85,0.0848,mobile,East,social
CUST00159,22,11.42,7.96,0.3865,0.3423,10,558.09,55.81,111,0.1141,mobile,South,organic
CUST00160,23,11.81,8.17,0.4158,0.2877,10,175.01,17.5,109,0.1729,mobile,North,direct
CUST00161,22,11.36,7.91,0.4711,0.3354,11,335.09,30.46,109,0.1481,mobile,North,direct
CUST00162,22,11.29,7.97,0.4285,0.366,9,109.6,12.18,98,0.0387,desktop,West,social
CUST00163,22,11.39,7.87,0.4718,0.3718,12,1936.51,161.38,88,0.001,mobile,International,direct
CUST00164,22,11.38,7.84,0.3531,0.3123,13,1005.53,77.35,97,0.2057,mobile,North,organic
CUST00165,22,11.55,8.08,0.3976,0.2363,11,932.27,84.75,97,0.2004,tablet,North,organic
CUST00166,22,11.29,7.8,0.4218,0.4689,11,652.53,59.32,102,0.0949,mobile,West,organic
CUST00167,22,11.15,7.84,0.5313,0.4134,11,464.96,42.27,86,0.0296,desktop,International,organic
CUST00168,20,10.3,7.2,0.444,0.3726,12,52.62,5.0,115,0.1279,desktop,South,direct
CUST00169,22,11.31,7.89,0.4842,0.2834,10,534.98,53.5,103,0.0792,desktop,West,organic
CUST00170,21,10.94,7.69,0.4606,0.3377,12,281.78,23.48,87,0.0866,desktop,East,email
CUST00171,23,11.84,8.17,0.3956,0.286,11,1164.97,105.91,94,0.1341,desktop,International,email
CUST00172,21,10.89,7.64,0.4323,0.3957,11,663.34,60.3,101,0.1028,mobile,North,paid_search
CUST00173,23,11.8,8.19,0.4326,0.3428,11,482.9,43.9,88,0.0326,mobile,International,organic
CUST00174,21,10.96,7.61,0.4735,0.2923,11,30.56,5.0,100,0.0701,desktop,South,organic
CUST00175,23,11.67,8.11,0.4868,0.2883,12,219.22,18.27,99,0.1199,mobile,International,organic
CUST00176,22,11.35,7.83,0.4671,0.3921,11,122.84,11.17,109,0.1077,mobile,East,paid_search
CUST00177,21,10.73,7.53,0.5025,0.4114,10,334.19,33.42,83,0.1072,desktop,East,paid_search
CUST00178,20,10.47,7.31,0.4097,0.4192,11,146.46,13.31,99,0.1338,desktop,West,social
CUST00179,22,11.25,7.92,0.4197,0.367,11,174.02,15.82,89,0.0736,mobile,West,email
CUST00180,23,11.55,8.08,0.4008,0.3139,11,431.38,39.22,99,0.0962,tablet,East,paid_search
CUST00181,23,11.65,8.14,0.4276,0.145,10,143.49,14.35,91,0.001,desktop,South,organic
CUST00182,23,11.55,8.04,0.4146,0.3379,11,284.34,25.85,95,0.0663,tablet,West,email
CUST00183,22,11.25,7.75,0.461,0.3167,11,37.46,5.0,106,0.122,tablet,International,paid_search
CUST00184,23,11.7,8.22,0.3655,0.3141,12,87.52,7.29,94,0.0698,mobile,North,organic
CUST00185,23,11.67,8.07,0.4504,0.338,12,550.22,45.85,89,0.068,desktop,East,email
CUST00186,21,10.57,7.41,0.4521,0.2453,11,53.54,5.0,99,0.0355,desktop,West,direct
CUST00187,23,11.71,8.18,0.3219,0.3453,11,1139.87,103.62,103,0.1348,desktop,West,direct
CUST00188,22,11.24,7.87,0.5221,0.3418,10,815.28,81.53,108,0.1099,desktop,West,organic
CUST00189,21,11.01,7.71,0.4351,0.3702,10,175.69,17.57,76,0.1386,mobile,West,paid_search
CUST00190,23,11.81,8.21,0.3362,0.3743,11,9935.9,903.26,93,0.0038,mobile,West,organic
CUST00191,22,11.21,7.88,0.4446,0.3565,12,1136.18,94.68,98,0.0791,mobile,West,direct
CUST00192,24,12.02,8.29,0.4272,0.2971,11,75.75,6.89,83,0.0801,desktop,International,organic
CUST00193,22,11.25,7.78,0.4554,0.3405,11,615.01,55.91,103,0.0714,desktop,West,organic
CUST00194,23,11.76,8.24,0.4977,0.3398,11,265.43,24.13,110,0.0508,mobile,West,email
CUST00195,22,11.08,7.65,0.469,0.3278,11,93.75,8.52,92,0.0725,desktop,North,direct
CUST00196,23,11.56,8.05,0.4319,0.3609,11,65.27,5.93,93,0.1323,desktop,North,social
CUST00197,23,11.8,8.1,0.4721,0.3685,12,836.19,69.68,94,0.001,mobile,East,organic
CUST00198,22,11.45,7.96,0.4074,0.4114,11,116.91,10.63,96,0.1771,mobile,West,paid_search
CUST00199,23,11.58,8.07,0.5065,0.4219,10,215.76,21.58,89,0.1156,mobile,South,email
CUST00200,22,11.53,7.97,0.3702,0.3361,11,78.44,7.13,97,0.0855,tablet,North,social
CUST00201,23,11.91,8.25,0.435,0.1277,11,97.12,8.83,101,0.1311,desktop,South,organic
CUST00202,22,11.28,7.81,0.4341,0.3836,11,209.19,19.02,102,0.0131,mobile,West,organic
CUST00203,24,12.07,8.49,0.4636,0.2886,11,395.23,35.93,101,0.0526,mobile,West,email
CUST00204,24,12.19,8.53,0.3955,0.287,12,10.0,5.0,110,0.0759,desktop,International,paid_search
CUST00205,23,11.74,8.02,0.3598,0.3144,11,249.86,22.71,89,0.1598,desktop,South,social
CUST00206,22,11.31,7.92,0.4619,0.3175,12,97.36,8.11,101,0.0838,desktop,South,paid_search
CUST00207,22,11.36,7.85,0.4687,0.3709,12,1383.18,115.26,103,0.108,mobile,South,paid_search
CUST00208,22,11.29,7.88,0.5057,0.2441,10,9272.09,927.21,104,0.0546,mobile,South,direct
CUST00209,21,11.0,7.7,0.3611,0.2631,11,157.0,14.27,96,0.1127,tablet,West,paid_search
CUST00210,24,12.2,8.43,0.4793,0.3317,12,29.16,5.0,99,0.1706,mobile,South,social
CUST00211,22,11.48,8.03,0.5625,0.3632,10,282.69,28.27,94,0.1387,mobile,North,organic
CUST00212,23,11.52,8.06,0.4228,0.3622,11,189.86,17.26,77,0.0926,desktop,South,organic
CUST00213,22,11.2,7.78,0.3633,0.2801,11,2793.16,253.92,102,0.1192,tablet,North,email
CUST00214,22,11.23,7.74,0.4307,0.2886,12,1916.97,159.75,102,0.1142,desktop,North,email
CUST00215,22,11.14,7.71,0.4421,0.3046,11,712.57,64.78,91,0.1152,desktop,East,social
CUST00216,23,11.62,7.98,0.4427,0.3211,12,118.55,9.88,82,0.1498,mobile,North,organic
CUST00217,22,11.24,7.82,0.4002,0.3952,11,565.18,51.38,95,0.144,mobile,East,organic
CUST00218,23,11.77,8.14,0.5399,0.2437,11,339.45,30.86,103,0.0781,mobile,South,direct
CUST00219,21,10.85,7.57,0.3694,0.3063,11,329.66,29.97,83,0.1263,desktop,East,organic
CUST00220,22,11.21,7.91,0.3511,0.2607,11,35.71,5.0,88,0.0728,mobile,International,email
CUST00221,25,12.73,8.82,0.4832,0.2368,11,908.22,82.57,90,0.0453,desktop,East,organic
CUST00222,23,11.81,8.2,0.3462,0.3927,11,279.54,25.41,100,0.0727,mobile,East,direct
CUST00223,23,11.75,8.17,0.4398,0.3639,12,216.04,18.0,92,0.0856,mobile,International,direct
CUST00224,24,11.93,8.41,0.6067,0.3597,12,116.6,9.72,92,0.0069,mobile,South,organic
CUST00225,22,11.57,7.98,0.4364,0.3726,12,91.81,7.65,105,0.1275,desktop,North,email
CUST00226,23,11.61,8.09,0.3737,0.2969,11,362.08,32.92,87,0.001,mobile,South,organic
CUST00227,23,11.56,7.99,0.4328,0.3039,10,28.21,5.0,91,0.226,desktop,South,organic
CUST00228,23,11.81,8.21,0.4617,0.457,11,648.82,58.98,96,0.1634,mobile,East,paid_search
CUST00229,23,11.64,8.12,0.4643,0.3292,11,66.55,6.05,95,0.0755,desktop,North,social
CUST00230,23,11.82,8.15,0.4706,0.3637,11,19.24,5.0,95,0.0887,desktop,West,paid_search
CUST00231,24,12.07,8.34,0.3692,0.3145,11,2322.33,211.12,104,0.1,mobile,North,social
CUST00232,24,12.06,8.34,0.4988,0.2166,11,84.79,7.71,94,0.0595,desktop,International,organic
CUST00233,24,12.15,8.46,0.4464,0.2221,11,100.29,9.12,82,0.1042,desktop,International,organic
CUST00234,21,10.84,7.44,0.4417,0.273,11,993.6,90.33,101,0.0784,desktop,International,social
CUST00235,21,11.06,7.68,0.4132,0.3852,11,2417.56,219.78,101,0.0807,desktop,West,paid_search
CUST00236,21,11.03,7.66,0.5111,0.3736,11,36.84,5.0,98,0.0962,mobile,North,social
CUST00237,25,12.26,8.52,0.4077,0.3595,10,75.11,7.51,104,0.0192,mobile,West,social
CUST00238,22,11.54,7.99,0.4522,0.2782,11,82.25,7.48,95,0.0908,mobile,North,email
CUST00239,21,10.95,7.59,0.4078,0.421,11,776.37,70.58,88,0.0999,tablet,West,paid_search
CUST00240,23,11.7,8.12,0.3913,0.2816,11,1853.05,168.46,94,0.0956,mobile,South,organic
CUST00241,23,11.78,8.18,0.4874,0.3496,11,64.44,5.86,92,0.0794,desktop,South,social
CUST00242,22,11.42,7.93,0.4323,0.3396,11,1404.5,127.68,82,0.1511,desktop,International,social
CUST00243,22,11.52,8.05,0.373,0.3013,11,101.92,9.27,103,0.0673,desktop,North,paid_search
CUST00244,23,11.91,8.3,0.394,0.3851,11,370.62,33.69,113,0.0918,mobile,North,social
CUST00245,22,11.35,7.83,0.4372,0.2643,10,50.88,5.09,92,0.1552,mobile,South,paid_search
CUST00246,23,11.85,8.26,0.4093,0.262,10,210.48,21.05,98,0.0834,mobile,West,organic
CUST00247,23,11.47,8.03,0.4135,0.3138,12,213.31,17.78,90,0.1015,mobile,East,social
CUST00248,22,11.32,7.97,0.4361,0.3053,11,165.79,15.07,115,0.075,mobile,West,organic
CUST00249,22,11.43,7.84,0.3299,0.4867,10,393.66,39.37,100,0.1483,mobile,West,paid_search
CUST00250,24,12.33,8.59,0.3701,0.3656,11,70.54,6.41,93,0.0768,desktop,North,paid_search
CUST00251,24,12.08,8.39,0.4643,0.3142,11,82.14,7.47,103,0.1492,mobile,East,paid_search
CUST00252,23,11.79,8.19,0.4035,0.2763,12,420.25,35.02,93,0.0847,mobile,West,social
CUST00253,24,11.95,8.45,0.4806,0.2254,12,1283.86,106.99,96,0.0453,mobile,East,organic
CUST00254,25,12.36,8.64,0.474,0.2665,12,237.89,19.82,95,0.1222,mobile,South,direct
CUST00255,22,11.17,7.79,0.4644,0.3257,11,455.83,41.44,94,0.0739,mobile,North,social
CUST00256,23,11.68,8.05,0.5182,0.3903,11,624.12,56.74,79,0.1266,mobile,North,paid_search
CUST00257,24,12.26,8.59,0.4367,0.3857,11,682.53,62.05,97,0.001,desktop,North,organic
CUST00258,23,11.74,8.12,0.4536,0.3257,11,75.36,6.85,111,0.0815,mobile,South,organic
CUST00259,23,11.6,8.07,0.4145,0.3156,11,93.72,8.52,84,0.0704,tablet,North,social
CUST00260,21,11.05,7.62,0.5378,0.3231,11,104.34,9.49,89,0.0383,mobile,South,paid_search
CUST00261,24,12.32,8.58,0.528,0.2942,12,2649.61,220.8,98,0.0597,tablet,North,organic
CUST00262,22,11.38,7.99,0.4475,0.4202,11,458.38,41.67,111,0.0529,desktop,West,paid_search
CUST00263,24,12.18,8.44,0.473,0.33,11,433.66,39.42,95,0.0866,desktop,West,social
CUST00264,23,11.74,8.16,0.5065,0.3234,11,384.66,34.97,103,0.0166,tablet,South,social
CUST00265,22,11.55,7.96,0.4435,0.2265,11,47.88,5.0,101,0.1019,mobile,East,social
CUST00266,23,11.81,8.24,0.3637,0.2853,12,2681.07,223.42,112,0.1493,mobile,International,email
CUST00267,22,11.39,7.89,0.4636,0.3551,10,442.25,44.22,88,0.1059,mobile,East,organic
CUST00268,22,11.26,7.91,0.4436,0.2753,11,597.78,54.34,94,0.1297,mobile,International,social
CUST00269,23,11.47,8.07,0.4268,0.274,12,27.64,5.0,101,0.1404,mobile,North,organic
CUST00270,21,10.84,7.56,0.3875,0.3601,12,640.97,53.41,91,0.1525,desktop,West,paid_search
CUST00271,22,11.41,7.88,0.3444,0.2475,11,157.59,14.33,80,0.1888,mobile,East,social
CUST00272,23,11.8,8.15,0.4526,0.3824,12,47.76,5.0,95,0.0634,mobile,North,organic
CUST00273,22,11.32,7.92,0.4776,0.2963,11,75.34,6.85,99,0.0514,mobile,International,paid_search
CUST00274,23,11.86,8.16,0.4244,0.3061,11,51.3,5.0,99,0.1264,desktop,International,email
CUST00275,22,11.51,8.0,0.4798,0.2478,12,50.24,5.0,94,0.1242,tablet,South,organic
CUST00276,24,11.99,8.3,0.3607,0.3135,12,263.69,21.97,99,0.1258,mobile,International,paid_search
CUST00277,24,11.93,8.38,0.3682,0.4371,11,151.76,13.8,106,0.178,mobile,North,direct
CUST00278,22,11.16,7.8,0.4575,0.3842,11,369.68,33.61,96,0.0889,mobile,West,paid_search
CUST00279,23,11.85,8.2,0.4376,0.287,11,1939.32,176.3,95,0.1102,desktop,North,social
CUST00280,25,12.59,8.72,0.4727,0.3812,11,208.52,18.96,89,0.0424,mobile,North,email
CUST00281,24,11.97,8.34,0.4123,0.3216,11,15.29,5.0,107,0.19,tablet,West,organic
CUST00282,24,12.27,8.5,0.4879,0.3817,11,181.48,16.5,104,0.0678,mobile,South,organic
CUST00283,22,11.52,8.03,0.5378,0.3688,11,1068.52,97.14,95,0.0737,mobile,North,email
CUST00284,24,12.26,8.54,0.4392,0.1826,11,220.05,20.0,90,0.0738,tablet,South,email
CUST00285,24,12.12,8.33,0.4809,0.2619,11,1618.03,147.09,92,0.0579,tablet,North,organic
CUST00286,22,11.39,7.88,0.4007,0.3867,11,428.14,38.92,97,0.0515,desktop,West,paid_search
CUST00287,22,11.36,7.9,0.489,0.3327,10,25.27,5.0,109,0.0559,mobile,North,paid_search
CUST00288,24,12.29,8.51,0.4759,0.2649,10,280.16,28.02,115,0.0111,desktop,West,email
CUST00289,22,11.18,7.88,0.4603,0.2794,12,353.13,29.43,89,0.052,mobile,South,paid_search
CUST00290,22,11.24,7.78,0.4646,0.2533,12,929.28,77.44,100,0.1837,mobile,South,direct
CUST00291,20,10.45,7.24,0.3182,0.3446,10,2315.86,231.59,111,0.1181,mobile,South,direct
CUST00292,24,11.98,8.38,0.4359,0.4612,12,750.83,62.57,92,0.1359,mobile,East,email
CUST00293,23,11.69,8.2,0.4152,0.3742,11,421.6,38.33,95,0.1474,desktop,North,social
CUST00294,23,11.5,8.05,0.3852,0.4339,11,564.08,51.28,100,0.1782,mobile,East,paid_search
CUST00295,21,10.8,7.43,0.4398,0.3681,11,198.84,18.08,107,0.001,tablet,South,organic
CUST00296,23,11.57,8.09,0.4328,0.391,12,40.17,5.0,110,0.0201,mobile,West,social
CUST00297,21,11.06,7.66,0.4065,0.4336,10,257.56,25.76,98,0.0465,mobile,North,paid_search
CUST00298,23,11.79,8.11,0.369,0.3337,11,384.21,34.93,109,0.059,desktop,West,paid_search
CUST00299,22,11.26,7.8,0.4035,0.319,10,55.33,5.53,94,0.0741,desktop,North,social
CUST00300,22,11.51,7.96,0.4985,0.3824,11,1259.65,114.51,86,0.0703,tablet,North,paid_search
CUST00301,12,7.05,5.03,0.2612,0.2882,5,847.12,169.42,176,0.063,desktop,North,email
CUST00302,12,7.01,4.94,0.2748,0.1964,5,44.95,8.99,185,0.0493,mobile,North,paid_search
CUST00303,10,6.41,4.63,0.3008,0.2023,4,1322.16,330.54,187,0.0113,tablet,East,organic
CUST00304,11,6.7,4.84,0.329,0.2363,5,167.2,33.44,169,0.001,tablet,International,paid_search
CUST00305,11,6.68,4.7,0.3266,0.2645,5,93.54,18.71,162,0.0084,mobile,North,direct
CUST00306,11,6.52,4.69,0.1519,0.2632,5,928.04,185.61,176,0.0241,desktop,East,email
CUST00307,12,6.91,4.9,0.3493,0.1474,5,229.74,45.95,181,0.0371,desktop,South,organic
CUST00308,13,7.39,5.33,0.4017,0.3388,5,2554.96,510.99,191,0.001,mobile,South,paid_search
CUST00309,12,6.92,4.97,0.2823,0.215,5,85.33,17.07,166,0.0316,tablet,South,direct
CUST00310,14,7.71,5.5,0.2439,0.2009,5,28.82,5.76,167,0.001,mobile,West,organic
CUST00311,12,6.82,4.88,0.2747,0.1727,5,173.06,34.61,188,0.0399,desktop,North,organic
CUST00312,11,6.77,4.87,0.2457,0.3421,5,648.6,129.72,186,0.001,mobile,West,organic
CUST00313,12,7.06,5.01,0.2902,0.2158,5,77.85,15.57,173,0.0107,mobile,South,social
CUST00314,10,6.11,4.43,0.2077,0.1814,6,47.33,7.89,190,0.001,desktop,South,paid_search
CUST00315,14,7.72,5.56,0.2498,0.2676,5,324.65,64.93,180,0.0421,mobile,South,organic
CUST00316,13,7.24,5.2,0.378,0.2593,5,40.13,8.03,188,0.0032,mobile,South,social
CUST00317,12,7.0,5.17,0.2345,0.1958,5,357.39,71.48,188,0.0919,tablet,North,organic
CUST00318,11,6.66,4.75,0.3789,0.275,6,160.66,26.78,174,0.0726,desktop,North,social
CUST00319,11,6.5,4.72,0.3135,0.1754,6,450.67,75.11,179,0.047,desktop,South,paid_search
CUST00320,14,8.07,5.69,0.2148,0.1995,5,44.29,8.86,184,0.009,mobile,West,paid_search
CUST00321,12,7.07,5.1,0.3297,0.1179,5,1216.14,243.23,172,0.0726,mobile,North,organic
CUST00322,11,6.59,4.76,0.2761,0.1398,4,195.18,48.8,176,0.0864,desktop,West,social
CUST00323,11,6.56,4.65,0.2482,0.2878,5,628.33,125.67,160,0.0665,desktop,South,paid_search
CUST00324,12,7.01,5.06,0.3236,0.3109,5,800.79,160.16,181,0.1298,mobile,West,paid_search
CUST00325,13,7.42,5.25,0.3198,0.2202,5,58.58,11.72,177,0.0742,desktop,South,social
CUST00326,11,6.7,4.73,0.3488,0.3136,5,727.58,145.52,186,0.0928,mobile,North,social
CUST00327,13,7.22,5.14,0.3468,0.2026,5,42.09,8.42,180,0.0566,mobile,International,organic
CUST00328,13,7.5,5.36,0.3268,0.2128,5,45.05,9.01,174,0.0868,mobile,North,organic
CUST00329,14,7.65,5.49,0.2387,0.2287,5,2767.91,553.58,191,0.0052,mobile,East,organic
CUST00330,11,6.43,4.69,0.2722,0.2105,5,966.15,193.23,182,0.0264,mobile,East,social
CUST00331,12,7.0,5.08,0.4543,0.2148,5,3169.42,633.88,176,0.0693,desktop,South,social
CUST00332,12,7.02,4.95,0.3096,0.2564,4,154.89,38.72,181,0.0666,mobile,International,email
CUST00333,11,6.47,4.61,0.4266,0.2338,6,277.69,46.28,171,0.08,desktop,West,social
CUST00334,12,6.96,4.92,0.3899,0.2713,5,469.36,93.87,183,0.1038,desktop,West,email
CUST00335,11,6.69,4.81,0.308,0.2684,5,241.03,48.21,179,0.001,desktop,International,paid_search
CUST00336,12,7.05,5.05,0.3151,0.2394,5,97.36,19.47,170,0.0057,mobile,East,paid_search
CUST00337,13,7.4,5.32,0.2781,0.1559,4,80.9,20.23,172,0.065,mobile,North,email
CUST00338,11,6.34,4.57,0.2101,0.15,4,318.67,79.67,196,0.007,desktop,West,organic
CUST00339,12,7.23,5.17,0.3112,0.2354,5,65.51,13.1,201,0.2092,mobile,South,paid_search
CUST00340,11,6.79,4.83,0.3658,0.2156,4,63.29,15.82,178,0.0765,desktop,North,organic
CUST00341,12,6.94,4.95,0.2778,0.2305,5,397.87,79.57,188,0.0424,mobile,East,direct
CUST00342,13,7.56,5.35,0.3185,0.2175,5,217.56,43.51,187,0.0207,mobile,International,paid_search
CUST00343,12,6.72,4.86,0.3306,0.3399,5,778.68,155.74,166,0.0324,desktop,North,organic
CUST00344,11,6.35,4.58,0.2327,0.1365,6,144.77,24.13,181,0.0507,tablet,West,social
CUST00345,11,6.68,4.8,0.2915,0.1314,5,119.35,23.87,165,0.0624,mobile,South,organic
CUST00346,13,7.39,5.21,0.2425,0.2315,6,412.88,68.81,185,0.0249,mobile,North,direct
CUST00347,13,7.32,5.2,0.2629,0.2043,6,89.75,14.96,168,0.0422,desktop,West,paid_search
CUST00348,12,6.9,5.07,0.2254,0.2279,5,108.54,21.71,186,0.1147,mobile,International,social
CUST00349,14,7.81,5.55,0.2568,0.2506,5,113.99,22.8,179,0.1199,mobile,South,paid_search
CUST00350,11,6.4,4.56,0.3579,0.274,6,188.86,31.48,185,0.0601,mobile,South,email
CUST00351,11,6.56,4.82,0.2615,0.1503,6,2184.71,364.12,174,0.001,mobile,South,email
CUST00352,13,7.47,5.25,0.2961,0.1842,4,44.68,11.17,167,0.0826,desktop,West,email
CUST00353,12,6.86,4.84,0.2715,0.2388,6,1212.16,202.03,175,0.1298,mobile,North,email
CUST00354,12,7.26,5.17,0.3882,0.2813,5,608.67,121.73,172,0.122,tablet,North,organic
CUST00355,12,7.0,4.91,0.3692,0.3325,6,1695.05,282.51,176,0.0886,desktop,West,direct
CUST00356,13,7.29,5.15,0.3577,0.279,5,11781.69,2356.34,188,0.118,tablet,South,social
CUST00357,11,6.45,4.79,0.2888,0.1965,6,1433.78,238.96,189,0.0485,mobile,South,email
CUST00358,12,6.86,4.86,0.2847,0.1726,5,767.66,153.53,172,0.0845,mobile,West,social
CUST00359,13,7.3,5.16,0.2325,0.1857,5,48.37,9.67,177,0.017,tablet,International,organic
CUST00360,12,6.87,4.85,0.4189,0.2072,5,56.53,11.31,174,0.0674,mobile,International,social
CUST00361,13,7.3,5.24,0.2779,0.2651,5,381.8,76.36,191,0.1116,desktop,South,organic
CUST00362,12,7.19,5.18,0.3244,0.226,5,30.04,6.01,175,0.0227,mobile,International,social
CUST00363,13,7.56,5.35,0.3533,0.154,5,523.31,104.66,166,0.0133,desktop,West,paid_search
CUST00364,12,7.06,5.11,0.3074,0.2255,5,17.51,5.0,194,0.0483,tablet,North,organic
CUST00365,13,7.33,5.3,0.357,0.2679,6,1015.55,169.26,174,0.0412,mobile,East,direct
CUST00366,12,6.86,5.05,0.3217,0.2247,5,164.46,32.89,187,0.0793,mobile,North,direct
CUST00367,11,6.81,4.81,0.3943,0.2546,6,286.11,47.68,176,0.0288,mobile,West,email
CUST00368,11,6.45,4.53,0.2825,0.2438,6,97.09,16.18,185,0.1336,mobile,West,email
CUST00369,12,6.92,4.92,0.2359,0.3015,5,23.45,5.0,174,0.001,mobile,West,social
CUST00370,12,7.03,4.94,0.2804,0.2362,4,1124.44,281.11,184,0.111,desktop,North,social
CUST00371,13,7.26,5.2,0.3054,0.1968,6,1273.85,212.31,183,0.0103,mobile,East,organic
CUST00372,12,7.04,5.06,0.3155,0.184,4,158.52,39.63,194,0.001,mobile,North,direct
CUST00373,10,6.26,4.6,0.2974,0.2457,5,554.23,110.85,159,0.0715,mobile,International,email
CUST00374,11,6.74,4.89,0.207,0.0999,6,150.99,25.17,163,0.0448,mobile,West,social
CUST00375,14,7.95,5.61,0.3398,0.2235,6,349.44,58.24,175,0.001,mobile,North,direct
CUST00376,13,7.39,5.29,0.3912,0.2039,4,624.94,156.24,180,0.001,desktop,North,social
CUST00377,12,7.05,4.97,0.3171,0.147,5,485.71,97.14,173,0.0532,desktop,West,paid_search
CUST00378,12,6.93,5.03,0.3504,0.1891,4,1282.17,320.54,182,0.0981,mobile,East,direct
CUST00379,11,6.71,4.83,0.3034,0.2409,5,464.47,92.89,181,0.0788,mobile,West,paid_search
CUST00380,14,7.65,5.46,0.3284,0.2382,4,253.33,63.33,165,0.0598,desktop,South,social
CUST00381,13,7.52,5.47,0.3544,0.2312,5,95.54,19.11,189,0.0703,mobile,West,paid_search
CUST00382,12,6.8,4.82,0.3345,0.2467,6,135.5,22.58,168,0.0544,mobile,North,social
CUST00383,11,6.73,4.83,0.2693,0.2129,5,665.5,133.1,194,0.001,desktop,East,social
CUST00384,12,7.23,5.09,0.2582,0.2806,5,38.28,7.66,193,0.001,mobile,International,social
CUST00385,13,7.27,5.18,0.2804,0.2206,4,958.96,239.74,204,0.0291,mobile,East,paid_search
CUST00386,12,6.99,5.06,0.3396,0.1657,6,172.91,28.82,184,0.0403,tablet,North,paid_search
CUST00387,11,6.8,4.82,0.2905,0.3064,4,89.02,22.26,177,0.0937,mobile,International,social
CUST00388,13,7.27,5.16,0.3323,0.2514,5,62.99,12.6,181,0.0871,tablet,North,direct
CUST00389,11,6.54,4.78,0.3108,0.1819,5,562.81,112.56,178,0.0816,mobile,West,organic
CUST00390,13,7.3,5.31,0.3308,0.1489,6,240.31,40.05,183,0.035,desktop,East,organic
CUST00391,12,6.96,4.9,0.3541,0.2319,4,1741.28,435.32,171,0.001,mobile,South,organic
CUST00392,13,7.34,5.22,0.3001,0.2112,5,51.41,10.28,176,0.0725,mobile,North,direct
CUST00393,10,6.3,4.45,0.2275,0.2932,5,119.81,23.96,191,0.0716,desktop,North,social
CUST00394,12,7.14,5.05,0.2644,0.1885,5,218.35,43.67,180,0.001,desktop,West,direct
CUST00395,10,6.2,4.47,0.3179,0.1904,5,96.67,19.33,187,0.0052,mobile,West,social
CUST00396,12,7.13,5.1,0.2237,0.2769,4,246.55,61.64,179,0.0157,desktop,East,paid_search
CUST00397,12,7.2,5.13,0.3788,0.2735,5,363.08,72.62,183,0.0545,mobile,North,email
CUST00398,11,6.66,4.69,0.3083,0.2293,4,445.15,111.29,205,0.001,desktop,West,organic
CUST00399,13,7.1,5.17,0.3313,0.2633,4,1572.39,393.1,188,0.0443,desktop,East,paid_search
CUST00400,13,7.29,5.11,0.3961,0.2397,5,48.91,9.78,185,0.0367,mobile,South,paid_search
CUST00401,12,6.86,4.96,0.2871,0.2461,5,371.37,74.27,187,0.039,mobile,South,organic
CUST00402,12,6.76,4.81,0.3158,0.2682,5,110.05,22.01,167,0.0203,mobile,South,paid_search
CUST00403,12,7.17,5.08,0.2911,0.2486,5,416.19,83.24,193,0.0122,tablet,East,organic
CUST00404,13,7.4,5.29,0.2897,0.2107,5,416.87,83.37,154,0.008,mobile,East,organic
CUST00405,12,7.09,5.12,0.2512,0.2797,5,72.31,14.46,170,0.0733,desktop,East,paid_search
CUST00406,12,7.05,5.1,0.3639,0.0867,6,80.39,13.4,186,0.076,mobile,West,email
CUST00407,14,7.77,5.56,0.2958,0.3339,5,460.34,92.07,169,0.0163,desktop,South,organic
CUST00408,12,7.09,5.04,0.3465,0.1437,5,251.87,50.37,187,0.1229,desktop,East,paid_search
CUST00409,11,6.7,4.79,0.2202,0.1995,5,186.56,37.31,184,0.0328,desktop,South,organic
CUST00410,11,6.63,4.72,0.3647,0.2224,6,551.54,91.92,189,0.1225,tablet,West,social
CUST00411,12,6.98,5.03,0.3717,0.2275,5,604.13,120.83,176,0.0196,mobile,North,social
CUST00412,11,6.5,4.68,0.3107,0.2748,5,127.21,25.44,172,0.001,mobile,North,email
CUST00413,13,7.5,5.27,0.3236,0.1943,5,85.42,17.08,177,0.0713,tablet,West,email
CUST00414,12,7.13,5.07,0.3152,0.2293,5,51.49,10.3,182,0.0613,mobile,North,organic
CUST00415,12,7.04,5.07,0.4322,0.2049,4,255.01,63.75,171,0.056,desktop,East,organic
CUST00416,13,7.62,5.36,0.2102,0.2335,4,42.19,10.55,185,0.0156,desktop,International,organic
CUST00417,13,7.56,5.32,0.3388,0.2165,4,276.67,69.17,185,0.0464,desktop,East,direct
CUST00418,13,7.28,5.33,0.2618,0.2304,5,1099.91,219.98,183,0.0231,mobile,North,social
CUST00419,12,6.8,4.91,0.2866,0.1828,6,158.13,26.36,183,0.0337,mobile,South,organic
CUST00420,13,7.49,5.35,0.3081,0.2105,6,126.18,21.03,184,0.0905,desktop,West,organic
CUST00421,12,7.18,5.06,0.2783,0.2341,4,2886.08,721.52,178,0.0604,mobile,South,paid_search
CUST00422,11,6.41,4.61,0.3155,0.2797,5,1579.27,315.85,179,0.0813,desktop,West,organic
CUST00423,12,7.17,5.15,0.2398,0.1874,5,95.16,19.03,184,0.0366,mobile,West,email
CUST00424,13,7.39,5.27,0.3333,0.1624,5,290.53,58.11,164,0.0402,mobile,East,social
CUST00425,11,6.54,4.67,0.2011,0.2436,5,367.22,73.44,178,0.001,mobile,West,social
CUST00426,12,7.19,5.13,0.3336,0.2235,5,314.68,62.94,171,0.0357,tablet,South,paid_search
CUST00427,12,7.23,5.08,0.2804,0.259,5,2301.71,460.34,164,0.001,mobile,East,organic
CUST00428,12,6.94,5.04,0.2283,0.1645,6,272.53,45.42,181,0.02,desktop,West,social
CUST00429,10,5.98,4.42,0.3216,0.1399,5,328.0,65.6,181,0.0456,tablet,North,social
CUST00430,12,7.06,5.08,0.2247,0.1954,6,572.84,95.47,183,0.0766,desktop,South,paid_search
CUST00431,12,7.2,5.12,0.2985,0.179,5,1063.94,212.79,175,0.0389,tablet,West,paid_search
CUST00432,11,6.55,4.59,0.2435,0.2275,5,778.38,155.68,174,0.0704,mobile,West,email
CUST00433,12,7.17,5.04,0.3479,0.2075,5,475.62,95.12,183,0.001,desktop,East,organic
CUST00434,12,6.97,4.93,0.2497,0.2539,5,35.69,7.14,193,0.0411,mobile,West,paid_search
CUST00435,11,6.56,4.69,0.263,0.1944,6,133.9,22.32,166,0.001,desktop,East,paid_search
CUST00436,12,6.92,4.95,0.3124,0.2258,5,673.25,134.65,171,0.001,desktop,West,social
CUST00437,11,6.58,4.65,0.2646,0.2304,6,333.38,55.56,175,0.0425,mobile,West,organic
CUST00438,12,7.14,5.04,0.3106,0.2403,3,678.85,226.28,174,0.1164,mobile,South,social
CUST00439,11,6.72,4.83,0.1996,0.1996,5,2517.31,503.46,169,0.0737,desktop,South,organic
CUST00440,12,6.94,4.99,0.3444,0.2555,6,57.18,9.53,169,0.0558,mobile,West,organic
CUST00441,14,7.71,5.4,0.3983,0.188,5,997.75,199.55,193,0.043,desktop,West,social
CUST00442,12,6.86,4.92,0.4282,0.2811,6,162.71,27.12,181,0.0137,mobile,North,social
CUST00443,12,7.01,4.97,0.312,0.214,5,776.89,155.38,166,0.0292,tablet,East,email
CUST00444,11,6.69,4.86,0.342,0.1565,5,232.55,46.51,191,0.0664,mobile,North,paid_search
CUST00445,11,6.76,4.86,0.2105,0.229,5,3385.26,677.05,186,0.001,desktop,South,paid_search
CUST00446,10,6.36,4.53,0.374,0.1766,4,287.34,71.83,174,0.0825,mobile,West,social
CUST00447,12,6.97,4.99,0.3191,0.238,5,110.93,22.19,187,0.0278,mobile,North,paid_search
CUST00448,12,7.23,5.07,0.2939,0.3446,4,411.01,102.75,179,0.0917,mobile,West,organic
CUST00449,12,6.94,4.84,0.3709,0.1877,5,365.08,73.02,186,0.0952,mobile,International,organic
CUST00450,12,6.79,4.92,0.2765,0.2283,6,997.98,166.33,180,0.001,mobile,International,organic
CUST00451,14,7.83,5.56,0.2763,0.1316,5,425.56,85.11,193,0.0152,desktop,North,paid_search
CUST00452,10,6.19,4.51,0.3024,0.2261,5,5203.54,1040.71,175,0.0091,mobile,West,direct
CUST00453,10,6.37,4.47,0.2589,0.1851,5,213.24,42.65,179,0.001,desktop,International,email
CUST00454,14,7.67,5.45,0.3632,0.1982,5,216.36,43.27,188,0.001,mobile,North,direct
CUST00455,10,6.08,4.28,0.2375,0.1574,5,116.06,23.21,188,0.1684,mobile,South,direct
CUST00456,12,7.01,4.91,0.2485,0.2574,5,272.0,54.4,185,0.078,mobile,International,paid_search
CUST00457,12,7.04,4.99,0.2605,0.275,4,325.51,81.38,168,0.1512,desktop,North,organic
CUST00458,12,6.94,5.02,0.3382,0.2214,5,346.31,69.26,179,0.0923,mobile,International,social
CUST00459,13,7.38,5.25,0.273,0.1798,5,265.86,53.17,177,0.0143,mobile,East,email
CUST00460,11,6.48,4.66,0.2341,0.3006,5,115.21,23.04,183,0.0301,mobile,North,paid_search
CUST00461,12,6.94,4.94,0.2443,0.1627,5,82.35,16.47,179,0.0798,mobile,South,paid_search
CUST00462,12,7.1,4.98,0.2845,0.1011,6,153.95,25.66,187,0.0686,mobile,South,organic
CUST00463,13,7.49,5.28,0.2467,0.2474,5,1002.23,200.45,165,0.0278,mobile,South,paid_search
CUST00464,11,6.43,4.67,0.2548,0.1744,6,1307.49,217.92,185,0.001,mobile,East,paid_search
CUST00465,13,7.53,5.36,0.4022,0.2668,5,222.5,44.5,178,0.2154,desktop,East,paid_search
CUST00466,12,6.94,5.0,0.2679,0.2095,5,76.48,15.3,194,0.0364,mobile,East,email
CUST00467,13,7.6,5.35,0.2614,0.2327,6,221.35,36.89,170,0.0379,mobile,North,organic
CUST00468,11,6.52,4.65,0.2761,0.2858,4,3240.67,810.17,182,0.0549,mobile,West,direct
CUST00469,12,6.85,4.93,0.2895,0.1677,6,840.4,140.07,169,0.0431,desktop,East,organic
CUST00470,11,6.75,4.8,0.3282,0.1895,4,483.11,120.78,187,0.0531,mobile,West,direct
CUST00471,13,7.51,5.29,0.3692,0.2332,4,803.57,200.89,185,0.1121,desktop,West,paid_search
CUST00472,12,7.01,4.98,0.2885,0.2998,5,1640.64,328.13,177,0.0454,desktop,South,social
CUST00473,12,6.77,4.86,0.238,0.1869,5,58.91,11.78,180,0.001,desktop,North,organic
CUST00474,12,6.78,4.75,0.3622,0.1891,5,150.77,30.15,183,0.0405,mobile,International,social
CUST00475,12,6.88,4.83,0.3168,0.2607,5,127.35,25.47,183,0.0257,mobile,West,email
CUST00476,13,7.4,5.24,0.382,0.1876,6,505.31,84.22,176,0.1226,mobile,North,organic
CUST00477,12,6.94,5.02,0.1938,0.2323,4,298.2,74.55,189,0.1043,tablet,West,organic
CUST00478,11,6.46,4.6,0.3117,0.1439,6,622.76,103.79,162,0.0637,desktop,North,paid_search
CUST00479,13,7.26,5.18,0.4027,0.336,4,130.83,32.71,185,0.001,mobile,North,organic
CUST00480,11,6.7,4.78,0.274,0.1461,5,1332.19,266.44,184,0.001,tablet,East,organic
CUST00481,10,6.21,4.44,0.2988,0.2118,4,224.61,56.15,179,0.0517,mobile,North,social
CUST00482,14,7.96,5.52,0.3024,0.2087,3,577.02,192.34,182,0.0657,mobile,International,organic
CUST00483,13,7.5,5.29,0.2985,0.3362,4,1071.18,267.8,175,0.0331,mobile,West,social
CUST00484,12,6.79,4.84,0.283,0.1526,7,970.06,138.58,193,0.0204,mobile,East,email
CUST00485,12,6.99,5.11,0.2894,0.3241,6,382.1,63.68,179,0.0207,desktop,North,social
CUST00486,12,7.18,5.22,0.2633,0.2537,5,673.19,134.64,183,0.0475,desktop,South,organic
CUST00487,13,7.29,5.18,0.3565,0.237,5,2103.22,420.64,180,0.001,desktop,South,social
CUST00488,13,7.53,5.27,0.3224,0.1702,4,461.45,115.36,170,0.001,mobile,East,paid_search
CUST00489,11,6.56,4.75,0.3037,0.2417,5,99.36,19.87,168,0.0238,desktop,North,paid_search
CUST00490,10,6.02,4.43,0.3828,0.2168,6,502.78,83.8,178,0.1112,desktop,East,paid_search
CUST00491,12,6.95,4.99,0.2906,0.2863,5,233.68,46.74,174,0.0117,mobile,South,direct
CUST00492,13,7.3,5.12,0.2625,0.1724,5,13.46,5.0,181,0.0585,mobile,International,social
CUST00493,12,6.89,4.99,0.2852,0.2262,5,432.96,86.59,204,0.0503,desktop,International,organic
CUST00494,13,7.4,5.23,0.3027,0.1943,5,282.61,56.52,183,0.1134,desktop,East,paid_search
CUST00495,13,7.53,5.29,0.2598,0.1806,4,1020.82,255.2,176,0.1147,desktop,East,paid_search
CUST00496,11,6.5,4.73,0.2564,0.2426,5,96.88,19.38,173,0.0504,mobile,North,direct
CUST00497,13,7.42,5.34,0.2811,0.2522,5,38.1,7.62,175,0.0282,mobile,North,direct
CUST00498,11,6.68,4.87,0.4121,0.285,6,301.37,50.23,174,0.0196,desktop,International,paid_search
CUST00499,13,7.43,5.35,0.1709,0.1384,5,391.34,78.27,172,0.042,desktop,West,paid_search
CUST00500,12,7.07,4.97,0.2791,0.2639,5,274.76,54.95,186,0.0255,mobile,North,social
CUST00501,11,6.73,4.86,0.3843,0.3438,5,251.03,50.21,183,0.0765,desktop,East,paid_search
CUST00502,10,6.17,4.37,0.309,0.1997,5,65.36,13.07,187,0.068,tablet,International,organic
CUST00503,13,7.3,5.22,0.3503,0.3246,4,206.11,51.53,187,0.0767,tablet,South,social
CUST00504,11,6.58,4.7,0.2923,0.197,5,159.12,31.82,182,0.1122,desktop,North,paid_search
CUST00505,12,6.86,4.97,0.2396,0.1303,5,920.54,184.11,190,0.1385,mobile,International,social
CUST00506,12,7.07,5.01,0.1916,0.2076,6,390.93,65.16,191,0.0513,desktop,East,paid_search
CUST00507,9,5.59,4.16,0.3128,0.2743,6,173.58,28.93,170,0.1096,mobile,South,social
CUST00508,12,6.97,5.09,0.2546,0.1729,6,2057.55,342.92,187,0.0288,desktop,South,social
CUST00509,13,7.2,5.08,0.2668,0.1953,6,175.54,29.26,157,0.1196,mobile,West,paid_search
CUST00510,12,7.17,5.19,0.2682,0.2443,5,487.34,97.47,194,0.0964,desktop,West,social
CUST00511,11,6.69,4.87,0.3817,0.2159,5,199.1,39.82,178,0.101,desktop,South,paid_search
CUST00512,11,6.67,4.8,0.4354,0.261,5,1834.87,366.97,180,0.0547,desktop,North,organic
CUST00513,12,6.88,4.86,0.313,0.2335,6,272.4,45.4,187,0.0133,desktop,South,organic
CUST00514,11,6.72,4.79,0.2727,0.2408,4,282.53,70.63,186,0.001,mobile,North,organic
CUST00515,11,6.85,4.86,0.2529,0.2076,5,205.87,41.17,178,0.0487,desktop,North,organic
CUST00516,13,7.31,5.22,0.3216,0.2301,5,311.91,62.38,181,0.1263,mobile,South,social
CUST00517,12,7.14,5.16,0.3813,0.1675,4,1076.66,269.17,181,0.034,mobile,North,paid_search
CUST00518,14,7.67,5.43,0.3001,0.2941,6,695.58,115.93,170,0.0939,tablet,International,organic
CUST00519,12,6.98,4.89,0.1837,0.1904,5,253.33,50.67,182,0.091,desktop,North,email
CUST00520,13,7.2,5.2,0.3498,0.2891,5,2001.01,400.2,185,0.0341,desktop,South,social
CUST00521,12,6.96,4.98,0.3574,0.2146,4,719.3,179.82,199,0.1072,mobile,North,paid_search
CUST00522,11,6.72,4.83,0.2042,0.2173,5,142.42,28.48,181,0.001,desktop,West,organic
CUST00523,12,6.83,4.85,0.3284,0.2105,5,44.48,8.9,177,0.001,desktop,North,organic
CUST00524,13,7.25,5.23,0.3072,0.1572,6,146.55,24.42,181,0.0039,desktop,East,paid_search
CUST00525,13,7.26,5.26,0.2819,0.1215,4,407.71,101.93,173,0.0121,tablet,West,email
CUST00526,12,7.14,5.13,0.2483,0.1578,4,511.65,127.91,171,0.071,mobile,International,organic
CUST00527,11,6.52,4.63,0.373,0.2211,4,1311.27,327.82,174,0.0669,desktop,West,social
CUST00528,12,6.85,4.9,0.288,0.2369,5,63.31,12.66,181,0.0691,desktop,North,direct
CUST00529,12,7.01,5.01,0.2122,0.26,5,142.25,28.45,185,0.0779,mobile,North,social
CUST00530,12,6.89,4.89,0.1841,0.1873,3,57.14,19.05,182,0.0018,mobile,West,paid_search
CUST00531,15,8.15,5.75,0.3736,0.1841,5,46.82,9.36,183,0.001,tablet,North,social
CUST00532,12,6.97,5.03,0.3382,0.1536,4,112.68,28.17,171,0.074,mobile,South,email
CUST00533,13,7.39,5.29,0.3141,0.2515,5,384.84,76.97,180,0.0186,mobile,International,social
CUST00534,13,7.31,5.26,0.286,0.2954,5,634.47,126.89,185,0.001,mobile,West,email
CUST00535,12,7.04,5.0,0.2945,0.2996,4,75.84,18.96,191,0.0931,mobile,West,paid_search
CUST00536,12,7.2,5.09,0.2469,0.256,5,90.05,18.01,177,0.1207,desktop,West,email
CUST00537,12,6.85,4.89,0.2985,0.2676,4,27.16,6.79,187,0.1248,mobile,East,direct
CUST00538,12,6.94,5.0,0.1718,0.2876,5,318.86,63.77,166,0.0656,mobile,West,paid_search
CUST00539,12,6.95,4.98,0.2663,0.239,4,99.06,24.76,184,0.079,desktop,South,social
CUST00540,12,6.88,4.84,0.2802,0.249,6,1908.56,318.09,176,0.1206,mobile,International,social
CUST00541,11,6.58,4.68,0.3338,0.2065,5,405.93,81.19,170,0.0222,desktop,South,email
CUST00542,14,7.79,5.34,0.2843,0.1412,4,197.99,49.5,190,0.1008,desktop,East,email
CUST00543,12,6.96,4.84,0.346,0.1907,6,110.84,18.47,181,0.0635,desktop,South,organic
CUST00544,12,6.85,4.9,0.3695,0.2211,4,38.62,9.65,161,0.1035,desktop,North,social
CUST00545,10,6.26,4.52,0.3554,0.225,6,45.17,7.53,180,0.0593,mobile,East,email
CUST00546,12,6.83,4.92,0.3187,0.3126,5,113.47,22.69,169,0.12,mobile,South,social
CUST00547,10,6.11,4.26,0.3213,0.2402,4,103.21,25.8,182,0.0602,mobile,East,social
CUST00548,12,6.83,4.83,0.2589,0.2851,4,71.23,17.81,177,0.001,mobile,East,organic
CUST00549,14,7.89,5.63,0.3186,0.1839,5,389.85,77.97,185,0.1201,mobile,East,paid_search
CUST00550,12,7.26,5.16,0.3842,0.2046,5,461.83,92.37,176,0.0045,mobile,North,email
CUST00551,14,7.76,5.54,0.3145,0.1515,5,138.87,27.77,190,0.1078,desktop,South,direct
CUST00552,11,6.59,4.77,0.4022,0.1878,6,2671.03,445.17,176,0.0468,mobile,West,organic
CUST00553,12,6.85,4.93,0.2237,0.2463,4,28.29,7.07,174,0.1111,mobile,South,social
CUST00554,13,7.43,5.23,0.2362,0.2156,5,262.92,52.58,177,0.1077,mobile,South,email
CUST00555,12,6.8,4.85,0.3419,0.2665,6,186.8,31.13,183,0.0706,mobile,East,email
CUST00556,12,6.77,4.82,0.3045,0.2223,6,123.94,20.66,181,0.0747,desktop,West,social
CUST00557,11,6.71,4.8,0.3835,0.2163,6,103.37,17.23,185,0.0689,desktop,West,organic
CUST00558,10,6.21,4.5,0.3128,0.338,5,242.6,48.52,173,0.001,desktop,North,social
CUST00559,10,6.11,4.44,0.2687,0.2247,4,185.2,46.3,174,0.0587,desktop,West,email
CUST00560,12,7.05,5.07,0.2764,0.2681,5,150.8,30.16,175,0.001,desktop,West,social
CUST00561,12,7.0,5.02,0.2313,0.2061,6,49.2,8.2,193,0.0527,desktop,West,email
CUST00562,14,7.73,5.55,0.245,0.2566,4,33.16,8.29,191,0.001,mobile,East,paid_search
CUST00563,12,6.88,4.93,0.3611,0.2761,5,171.34,34.27,168,0.001,mobile,West,direct
CUST00564,10,6.38,4.64,0.3435,0.2303,4,148.91,37.23,177,0.1316,desktop,East,email
CUST00565,13,7.4,5.26,0.3125,0.0979,3,191.83,63.94,180,0.1042,mobile,West,social
CUST00566,12,7.23,5.17,0.2194,0.2252,6,213.97,35.66,188,0.0458,mobile,West,direct
CUST00567,13,7.36,5.28,0.2982,0.294,4,128.33,32.08,178,0.0604,mobile,West,direct
CUST00568,11,6.81,4.84,0.2376,0.2455,5,188.23,37.65,184,0.0358,mobile,East,email
CUST00569,11,6.71,4.81,0.3593,0.2427,4,85.26,21.32,189,0.0744,desktop,West,social
CUST00570,13,7.26,5.27,0.2553,0.1218,5,1607.3,321.46,177,0.0179,mobile,North,paid_search
CUST00571,10,6.22,4.48,0.2366,0.1769,6,91.12,15.19,187,0.096,mobile,North,paid_search
CUST00572,11,6.76,4.79,0.3077,0.2454,5,154.75,30.95,182,0.0364,mobile,East,organic
CUST00573,11,6.71,4.93,0.2872,0.2555,6,100.08,16.68,171,0.0327,desktop,West,paid_search
CUST00574,12,7.02,5.0,0.3633,0.2722,4,98.03,24.51,176,0.053,desktop,North,social
CUST00575,12,7.14,5.13,0.2822,0.2275,5,252.25,50.45,192,0.0148,mobile,East,organic
CUST00576,13,7.38,5.37,0.2166,0.2298,5,215.66,43.13,178,0.0674,desktop,North,direct
CUST00577,14,7.86,5.57,0.2343,0.2535,5,138.73,27.75,181,0.0224,mobile,East,social
CUST00578,13,7.25,5.11,0.3104,0.18,5,172.41,34.48,165,0.0802,desktop,West,paid_search
CUST00579,12,7.04,5.08,0.2786,0.1124,5,100.58,20.12,177,0.1124,desktop,West,paid_search
CUST00580,13,7.38,5.16,0.2202,0.2351,5,401.9,80.38,189,0.0099,tablet,South,organic
CUST00581,12,7.29,5.12,0.37,0.2369,5,3097.92,619.58,166,0.0498,mobile,International,email
CUST00582,12,7.05,5.01,0.3424,0.1961,4,83.05,20.76,185,0.0716,mobile,West,paid_search
CUST00583,13,7.4,5.2,0.3101,0.148,5,398.06,79.61,180,0.0279,mobile,West,social
CUST00584,10,6.34,4.47,0.3634,0.2477,6,258.66,43.11,174,0.0754,mobile,West,social
CUST00585,13,7.28,5.23,0.3338,0.2072,5,558.84,111.77,185,0.0753,mobile,International,social
CUST00586,13,7.28,5.21,0.2645,0.2523,5,578.62,115.72,184,0.1022,mobile,West,paid_search
CUST00587,10,6.0,4.43,0.2629,0.3247,5,315.36,63.07,188,0.0165,mobile,East,organic
CUST00588,13,7.18,5.2,0.3356,0.1088,6,232.95,38.82,175,0.0052,tablet,South,organic
CUST00589,13,7.37,5.16,0.3014,0.1707,6,143.08,23.85,178,0.0356,mobile,West,paid_search
CUST00590,12,6.91,4.9,0.3104,0.211,4,95.12,23.78,176,0.0031,tablet,East,email
CUST00591,11,6.51,4.68,0.2394,0.2785,4,217.1,54.28,171,0.0824,desktop,East,paid_search
CUST00592,11,6.7,4.75,0.3511,0.1543,5,50.07,10.01,194,0.001,desktop,South,organic
CUST00593,11,6.46,4.74,0.2789,0.3298,5,117.51,23.5,184,0.1646,tablet,South,organic
CUST00594,12,7.09,5.02,0.3017,0.2321,6,960.2,160.03,168,0.1202,desktop,East,social
CUST00595,12,6.89,4.8,0.3544,0.2013,5,276.35,55.27,178,0.0516,desktop,West,paid_search
CUST00596,11,6.48,4.78,0.254,0.2,5,737.0,147.4,181,0.0932,mobile,West,organic
CUST00597,12,7.04,4.98,0.2111,0.1902,5,1503.04,300.61,188,0.001,mobile,North,social
CUST00598,13,7.39,5.24,0.2613,0.2833,4,196.63,49.16,188,0.1727,tablet,North,organic
CUST00599,10,6.33,4.46,0.3409,0.1597,5,316.11,63.22,192,0.0151,mobile,North,paid_search
CUST00600,11,6.61,4.81,0.2992,0.2267,5,168.54,33.71,180,0.0442,mobile,North,paid_search
CUST00601,1,2.17,1.72,0.1609,0.0976,1,89.69,89.69,265,0.001,desktop,North,direct
CUST00602,3,3.25,2.5,0.1576,0.091,1,75.41,75.41,255,0.0399,desktop,West,organic
CUST00603,2,2.85,2.29,0.1738,0.2322,1,693.27,693.27,249,0.001,desktop,International,paid_search
CUST00604,1,2.04,1.68,0.1102,0.1263,1,316.62,316.62,260,0.0186,mobile,South,direct
CUST00605,2,2.77,2.16,0.1849,0.1492,1,2394.3,2394.3,274,0.001,desktop,East,paid_search
CUST00606,3,2.98,2.23,0.1442,0.1842,1,812.92,812.92,262,0.001,mobile,West,social
CUST00607,1,1.75,1.5,0.1271,0.0493,1,99.17,99.17,263,0.001,tablet,International,paid_search
CUST00608,3,2.99,2.35,0.1286,0.1991,1,690.87,690.87,271,0.02,mobile,International,organic
CUST00609,2,2.53,1.95,0.1439,0.01,1,167.87,167.87,266,0.001,desktop,North,social
CUST00610,1,2.44,1.97,0.1737,0.0852,1,1099.94,1099.94,275,0.001,mobile,North,direct
CUST00611,3,3.32,2.56,0.1954,0.1066,1,134.2,134.2,257,0.0483,mobile,North,paid_search
CUST00612,1,2.36,1.9,0.01,0.1469,1,66.69,66.69,265,0.1417,mobile,East,social
CUST00613,1,2.2,1.7,0.1153,0.1187,1,91.57,91.57,270,0.0333,mobile,West,social
CUST00614,1,2.47,2.09,0.1358,0.0991,1,97.54,97.54,250,0.001,desktop,South,paid_search
CUST00615,1,2.21,1.86,0.2435,0.1169,1,86.67,86.67,259,0.001,mobile,West,social
CUST00616,2,2.41,2.02,0.121,0.0739,1,120.63,120.63,273,0.0094,mobile,East,organic
CUST00617,2,2.88,2.32,0.1851,0.0495,1,704.97,704.97,262,0.001,mobile,International,paid_search
CUST00618,2,2.79,2.32,0.2369,0.1491,1,2249.35,2249.35,243,0.0665,desktop,North,paid_search
CUST00619,1,2.17,1.69,0.0807,0.1352,1,47.32,47.32,257,0.0261,mobile,North,email
CUST00620,1,2.39,1.92,0.2043,0.2095,1,1165.19,1165.19,256,0.0605,mobile,South,paid_search
CUST00621,1,2.21,1.7,0.1481,0.0936,1,135.63,135.63,269,0.001,desktop,North,social
CUST00622,1,2.16,1.84,0.1514,0.1587,1,376.04,376.04,263,0.0786,tablet,West,organic
CUST00623,1,2.46,2.03,0.0989,0.0807,1,31.72,31.72,268,0.0016,desktop,North,organic
CUST00624,1,2.3,1.85,0.1479,0.1897,1,467.44,467.44,256,0.001,desktop,West,social
CUST00625,1,2.46,1.88,0.2973,0.1632,1,20.56,20.56,260,0.1226,mobile,North,email
CUST00626,2,2.75,2.07,0.2203,0.1357,1,360.6,360.6,267,0.001,desktop,South,paid_search
CUST00627,1,2.03,1.69,0.2089,0.0894,1,336.22,336.22,253,0.001,desktop,West,paid_search
CUST00628,1,1.94,1.67,0.1717,0.1492,1,309.8,309.8,258,0.001,tablet,International,direct
CUST00629,2,2.71,2.14,0.0812,0.1447,1,98.72,98.72,260,0.1391,mobile,South,organic
CUST00630,2,2.56,2.05,0.1548,0.0575,1,482.39,482.39,270,0.0997,tablet,International,social
CUST00631,2,2.54,1.97,0.2589,0.08,1,396.65,396.65,266,0.086,mobile,East,social
CUST00632,2,2.96,2.3,0.1288,0.1056,1,188.8,188.8,258,0.001,desktop,South,social
CUST00633,4,3.43,2.6,0.198,0.1789,1,561.07,561.07,270,0.1303,mobile,West,direct
CUST00634,2,2.76,2.13,0.1878,0.1627,1,217.44,217.44,264,0.0298,mobile,South,social
CUST00635,2,2.9,2.25,0.27,0.069,1,470.18,470.18,262,0.0616,mobile,South,paid_search
CUST00636,1,2.22,1.77,0.1271,0.0434,1,209.46,209.46,264,0.0203,mobile,West,paid_search
CUST00637,4,3.7,2.75,0.116,0.1833,1,319.79,319.79,267,0.0079,desktop,South,paid_search
CUST00638,3,2.91,2.24,0.1751,0.0801,1,497.64,497.64,277,0.001,desktop,North,organic
CUST00639,3,3.32,2.54,0.242,0.1446,1,149.68,149.68,258,0.004,desktop,North,direct
CUST00640,1,1.33,1.21,0.0736,0.0842,1,53.3,53.3,255,0.0464,mobile,West,organic
CUST00641,1,2.08,1.64,0.0627,0.1968,1,344.12,344.12,261,0.0318,tablet,West,social
CUST00642,1,2.07,1.82,0.164,0.0722,1,1063.25,1063.25,257,0.0134,desktop,South,social
CUST00643,2,2.74,2.21,0.1397,0.1697,1,354.07,354.07,275,0.0825,mobile,West,email
CUST00644,1,2.43,1.88,0.1647,0.1237,1,362.48,362.48,272,0.001,desktop,South,social
CUST00645,3,3.2,2.39,0.2257,0.1381,1,232.27,232.27,248,0.0446,mobile,West,social
CUST00646,2,2.58,2.2,0.1426,0.0206,1,609.68,609.68,253,0.053,mobile,International,paid_search
CUST00647,3,2.96,2.36,0.0629,0.01,1,194.48,194.48,265,0.0691,mobile,West,social
CUST00648,1,2.22,1.71,0.2664,0.1033,1,139.68,139.68,266,0.0075,desktop,East,paid_search
CUST00649,1,2.55,2.04,0.1159,0.128,1,958.35,958.35,281,0.0145,mobile,West,direct
CUST00650,1,2.27,1.83,0.1149,0.061,1,127.07,127.07,266,0.06,mobile,South,organic
CUST00651,1,1.65,1.45,0.2286,0.0671,1,734.09,734.09,272,0.0826,tablet,East,paid_search
CUST00652,1,2.22,1.8,0.1433,0.1411,1,959.11,959.11,281,0.001,mobile,South,paid_search
CUST00653,2,2.9,2.23,0.179,0.1565,1,492.8,492.8,272,0.0216,mobile,South,email
CUST00654,1,2.47,1.96,0.1891,0.108,1,52.3,52.3,256,0.0989,tablet,North,social
CUST00655,1,2.13,1.75,0.2203,0.1549,1,253.04,253.04,250,0.001,mobile,North,organic
CUST00656,2,2.78,2.3,0.159,0.0646,1,190.66,190.66,252,0.001,desktop,East,organic
CUST00657,2,2.73,2.06,0.2294,0.0882,1,132.6,132.6,257,0.0884,mobile,West,paid_search
CUST00658,1,2.3,1.94,0.0517,0.1924,1,291.87,291.87,258,0.0689,desktop,North,paid_search
CUST00659,2,2.66,2.05,0.2072,0.1217,1,632.76,632.76,254,0.0426,mobile,North,paid_search
CUST00660,2,2.55,2.07,0.1357,0.1312,1,138.88,138.88,259,0.001,tablet,East,paid_search
CUST00661,3,3.31,2.58,0.2307,0.228,1,198.01,198.01,269,0.001,mobile,West,social
CUST00662,1,1.96,1.64,0.1615,0.0368,1,181.68,181.68,274,0.001,desktop,North,paid_search
CUST00663,1,2.51,2.05,0.1435,0.1643,1,1030.26,1030.26,250,0.0956,tablet,North,direct
CUST00664,2,2.66,2.02,0.2121,0.209,1,178.12,178.12,255,0.001,tablet,East,organic
CUST00665,1,1.98,1.64,0.2217,0.1081,1,53.27,53.27,258,0.0196,mobile,West,social
CUST00666,1,1.9,1.6,0.185,0.1486,1,35.04,35.04,270,0.001,desktop,North,social
CUST00667,2,2.74,2.08,0.0951,0.0515,1,383.0,383.0,273,0.05,mobile,South,organic
CUST00668,2,2.78,2.15,0.1492,0.0872,1,95.63,95.63,258,0.001,desktop,West,paid_search
CUST00669,2,2.53,2.1,0.1575,0.1286,1,558.91,558.91,279,0.001,mobile,North,paid_search
CUST00670,2,2.72,2.14,0.1418,0.1385,1,47.26,47.26,264,0.001,mobile,North,organic
CUST00671,2,2.93,2.22,0.1984,0.1679,1,125.76,125.76,257,0.001,mobile,East,paid_search
CUST00672,2,2.65,2.07,0.0685,0.1968,1,47.3,47.3,275,0.0071,desktop,International,paid_search
CUST00673,2,2.81,2.25,0.19,0.1181,1,418.56,418.56,264,0.001,mobile,South,organic
CUST00674,1,2.62,1.99,0.1487,0.1733,1,545.35,545.35,250,0.1231,mobile,East,paid_search
CUST00675,3,2.92,2.37,0.1054,0.0841,1,371.76,371.76,251,0.001,mobile,South,paid_search
CUST00676,2,2.68,2.15,0.1426,0.1716,1,63.99,63.99,254,0.001,tablet,West,organic
CUST00677,2,2.62,2.08,0.1684,0.1363,1,97.4,97.4,263,0.0134,desktop,North,organic
CUST00678,1,2.41,1.85,0.01,0.1537,1,326.82,326.82,250,0.001,mobile,East,social
CUST00679,2,2.74,2.12,0.111,0.1215,1,30.43,30.43,280,0.001,tablet,West,social
CUST00680,2,2.76,2.16,0.1332,0.0441,1,181.66,181.66,262,0.001,desktop,International,direct
CUST00681,4,3.33,2.57,0.1848,0.0535,1,1593.39,1593.39,250,0.001,mobile,West,organic
CUST00682,4,3.37,2.6,0.1248,0.1202,1,195.92,195.92,251,0.0032,mobile,South,organic
CUST00683,1,2.12,1.81,0.1477,0.0255,1,38.92,38.92,249,0.1164,mobile,South,organic
CUST00684,2,2.76,2.17,0.2302,0.1473,1,115.56,115.56,267,0.0144,desktop,South,paid_search
CUST00685,1,2.32,1.9,0.2193,0.1622,1,112.28,112.28,255,0.0748,tablet,East,social
CUST00686,2,2.61,2.13,0.2164,0.1362,1,3441.35,3441.35,257,0.0399,mobile,West,paid_search
CUST00687,1,1.42,1.22,0.136,0.0558,1,1914.82,1914.82,271,0.0639,mobile,West,email
CUST00688,2,2.65,2.07,0.1894,0.1819,1,603.54,603.54,249,0.001,mobile,South,social
CUST00689,1,2.23,1.77,0.1513,0.2153,1,160.17,160.17,267,0.001,mobile,West,direct
CUST00690,2,2.58,2.02,0.145,0.1144,1,1078.11,1078.11,257,0.0802,desktop,International,organic
CUST00691,2,2.79,2.21,0.1746,0.1321,1,60.34,60.34,267,0.001,desktop,International,organic
CUST00692,2,2.53,2.04,0.1462,0.1337,1,924.95,924.95,259,0.1023,mobile,West,organic
CUST00693,1,2.28,1.83,0.237,0.1395,1,769.85,769.85,269,0.0839,desktop,East,organic
CUST00694,1,2.37,1.97,0.1361,0.0928,1,202.97,202.97,265,0.001,mobile,East,direct
CUST00695,1,2.47,1.95,0.1927,0.1107,1,999.32,999.32,259,0.001,tablet,North,paid_search
CUST00696,2,2.92,2.21,0.229,0.1535,1,140.84,140.84,271,0.001,mobile,North,social
CUST00697,1,2.26,1.9,0.2118,0.2286,1,51.29,51.29,274,0.001,desktop,East,paid_search
CUST00698,1,2.26,1.92,0.097,0.0469,1,818.88,818.88,268,0.001,mobile,North,organic
CUST00699,1,2.31,1.82,0.1747,0.1001,1,220.24,220.24,270,0.0308,mobile,East,organic
CUST00700,2,2.79,2.13,0.1834,0.0372,1,514.55,514.55,259,0.001,desktop,East,paid_search
CUST00701,2,2.58,2.11,0.2459,0.2229,1,2319.44,2319.44,271,0.0389,mobile,East,social
CUST00702,1,2.45,1.96,0.0854,0.067,1,100.27,100.27,270,0.0408,tablet,North,direct
CUST00703,2,2.91,2.16,0.1247,0.0371,1,204.98,204.98,268,0.001,desktop,North,social
CUST00704,3,3.25,2.45,0.2104,0.1435,1,1700.62,1700.62,256,0.093,tablet,North,paid_search
CUST00705,2,2.7,2.13,0.1319,0.2061,1,558.91,558.91,279,0.031,tablet,North,organic
CUST00706,1,2.27,1.86,0.1614,0.1571,1,103.1,103.1,274,0.0447,mobile,International,email
CUST00707,2,2.53,1.96,0.2668,0.1431,1,75.22,75.22,263,0.001,desktop,South,organic
CUST00708,2,2.94,2.29,0.1577,0.1316,1,127.45,127.45,270,0.0402,desktop,South,direct
CUST00709,3,3.16,2.54,0.125,0.1829,1,98.29,98.29,265,0.0677,mobile,North,paid_search
CUST00710,3,3.45,2.56,0.1431,0.0884,1,328.05,328.05,264,0.007,desktop,East,organic
CUST00711,2,2.64,2.14,0.1612,0.0935,1,269.58,269.58,273,0.1082,desktop,West,paid_search
CUST00712,2,2.55,2.14,0.0835,0.0808,1,345.47,345.47,270,0.0116,desktop,North,direct
CUST00713,1,2.27,1.89,0.1454,0.0509,1,86.61,86.61,255,0.0727,mobile,International,paid_search
CUST00714,1,2.02,1.68,0.1846,0.1009,1,224.19,224.19,266,0.0252,desktop,West,organic
CUST00715,1,2.2,1.69,0.2268,0.168,1,19.32,19.32,261,0.0425,mobile,North,organic
CUST00716,1,2.24,1.86,0.2049,0.1484,1,292.69,292.69,256,0.001,desktop,East,social
CUST00717,2,2.71,2.18,0.1251,0.144,1,1045.09,1045.09,270,0.0277,mobile,East,organic
CUST00718,2,2.73,2.16,0.2405,0.1352,1,42.11,42.11,259,0.001,mobile,South,email
CUST00719,1,1.59,1.46,0.1421,0.135,1,444.57,444.57,271,0.001,tablet,West,direct
CUST00720,1,1.98,1.76,0.0942,0.068,1,115.04,115.04,264,0.099,desktop,North,direct
CUST00721,1,1.47,1.36,0.1278,0.0773,1,659.32,659.32,259,0.0035,tablet,South,organic
CUST00722,1,1.35,1.23,0.2302,0.1194,1,297.66,297.66,250,0.001,mobile,South,social
CUST00723,1,2.29,1.9,0.1784,0.1329,1,403.38,403.38,280,0.001,desktop,East,organic
CUST00724,2,2.82,2.11,0.1685,0.1333,1,265.09,265.09,230,0.001,desktop,West,social
CUST00725,1,1.54,1.35,0.2701,0.1262,1,1262.31,1262.31,260,0.0853,desktop,North,email
CUST00726,1,2.42,2.05,0.0877,0.0917,1,375.82,375.82,259,0.001,mobile,North,paid_search
CUST00727,1,1.71,1.5,0.1109,0.2808,1,102.38,102.38,272,0.0347,mobile,East,email
CUST00728,1,2.29,1.85,0.1012,0.1735,1,276.42,276.42,259,0.0816,tablet,North,email
CUST00729,1,2.18,1.73,0.1939,0.1436,1,155.15,155.15,246,0.001,mobile,North,organic
CUST00730,1,2.42,2.04,0.1824,0.1104,1,299.04,299.04,251,0.044,tablet,South,social
CUST00731,1,2.17,1.87,0.2522,0.1003,1,145.7,145.7,262,0.001,mobile,North,organic
CUST00732,2,2.54,1.98,0.1806,0.1111,1,106.06,106.06,261,0.1356,tablet,South,paid_search
CUST00733,3,3.26,2.48,0.1581,0.14,1,312.98,312.98,266,0.0576,desktop,South,organic
CUST00734,1,2.09,1.7,0.178,0.031,1,262.15,262.15,250,0.0084,desktop,North,direct
CUST00735,1,2.2,1.85,0.1678,0.0341,1,910.65,910.65,265,0.001,mobile,East,paid_search
CUST00736,3,2.93,2.32,0.0751,0.0783,1,146.56,146.56,262,0.0061,tablet,North,social
CUST00737,2,2.67,2.14,0.285,0.1133,1,21.19,21.19,288,0.001,mobile,International,social
CUST00738,1,2.49,1.96,0.169,0.0859,1,156.11,156.11,256,0.1131,desktop,South,email
CUST00739,2,2.68,2.29,0.196,0.2049,1,32.82,32.82,248,0.001,mobile,West,social
CUST00740,3,2.92,2.23,0.1926,0.0384,1,408.88,408.88,271,0.0151,desktop,West,organic
CUST00741,1,2.15,1.67,0.1923,0.071,1,30.95,30.95,272,0.0076,desktop,South,social
CUST00742,3,3.0,2.35,0.1545,0.1883,1,72.18,72.18,267,0.0045,mobile,West,paid_search
CUST00743,1,1.68,1.38,0.1371,0.1244,1,156.41,156.41,263,0.0068,desktop,West,social
CUST00744,1,1.81,1.51,0.2218,0.1801,1,1647.51,1647.51,261,0.0071,mobile,North,organic
CUST00745,3,2.98,2.33,0.1729,0.2087,1,65.03,65.03,262,0.0569,tablet,International,organic
CUST00746,2,2.64,2.03,0.1417,0.0937,1,248.47,248.47,260,0.044,tablet,North,direct
CUST00747,1,1.74,1.46,0.223,0.1,1,500.88,500.88,262,0.0338,mobile,North,organic
CUST00748,1,2.0,1.69,0.2122,0.1267,1,1530.04,1530.04,257,0.001,mobile,West,paid_search
CUST00749,2,2.53,2.0,0.1986,0.015,1,639.51,639.51,261,0.0278,desktop,North,organic
CUST00750,2,2.57,2.07,0.2178,0.0864,1,944.96,944.96,264,0.001,mobile,West,organic
CUST00751,1,1.64,1.47,0.1545,0.15,1,711.63,711.63,247,0.0519,mobile,West,organic
CUST00752,2,2.69,2.13,0.1628,0.128,1,54.96,54.96,276,0.0804,mobile,International,social
CUST00753,3,3.06,2.31,0.1991,0.141,1,381.56,381.56,250,0.001,mobile,East,direct
CUST00754,1,1.85,1.63,0.1099,0.0816,1,698.01,698.01,253,0.0033,mobile,International,paid_search
CUST00755,1,1.81,1.45,0.1295,0.0525,1,75.08,75.08,258,0.001,mobile,South,paid_search
CUST00756,3,2.99,2.24,0.165,0.1736,1,119.57,119.57,253,0.0786,mobile,North,social
CUST00757,1,1.69,1.46,0.112,0.0861,1,90.73,90.73,259,0.0189,desktop,East,paid_search
CUST00758,1,2.25,1.87,0.2813,0.1301,1,635.44,635.44,268,0.0964,desktop,East,direct
CUST00759,2,2.68,2.24,0.0814,0.1129,1,224.62,224.62,259,0.0349,mobile,East,paid_search
CUST00760,1,2.39,1.91,0.1024,0.1899,1,164.63,164.63,264,0.0238,desktop,East,paid_search
CUST00761,2,2.78,2.22,0.2328,0.1652,1,50.25,50.25,261,0.0168,desktop,South,paid_search
CUST00762,2,2.85,2.2,0.173,0.0287,1,225.15,225.15,265,0.0521,mobile,East,email
CUST00763,2,2.64,2.14,0.1299,0.0682,1,121.38,121.38,268,0.001,desktop,International,social
CUST00764,1,2.3,2.0,0.1848,0.1357,1,330.49,330.49,270,0.0136,desktop,East,organic
CUST00765,1,2.26,1.73,0.2412,0.1139,1,59.64,59.64,267,0.0075,mobile,South,organic
CUST00766,2,2.63,2.12,0.159,0.0887,1,304.83,304.83,267,0.0468,mobile,West,direct
CUST00767,1,1.85,1.65,0.2993,0.1692,1,142.28,142.28,261,0.0032,mobile,South,email
CUST00768,2,2.6,2.08,0.0881,0.1316,1,52.3,52.3,249,0.001,desktop,West,organic
CUST00769,2,2.6,2.14,0.2217,0.1348,1,47.49,47.49,248,0.0197,mobile,North,email
CUST00770,2,2.77,2.2,0.2308,0.1598,1,57.18,57.18,266,0.001,tablet,South,social
CUST00771,3,3.13,2.36,0.2115,0.0977,1,189.63,189.63,272,0.001,desktop,North,paid_search
CUST00772,1,2.41,1.95,0.159,0.1967,1,284.13,284.13,253,0.0534,mobile,North,organic
CUST00773,1,1.66,1.3,0.1524,0.0771,1,341.48,341.48,257,0.0443,mobile,West,email
CUST00774,1,2.42,1.91,0.1929,0.1523,1,357.77,357.77,253,0.0407,mobile,South,organic
CUST00775,2,2.98,2.26,0.2137,0.1928,1,95.88,95.88,259,0.0798,mobile,West,social
CUST00776,1,2.12,1.83,0.2067,0.0551,1,904.42,904.42,254,0.001,mobile,East,organic
CUST00777,1,2.19,1.82,0.2219,0.1016,1,141.71,141.71,257,0.001,desktop,South,email
CUST00778,2,2.68,2.15,0.0888,0.1525,1,426.67,426.67,265,0.0079,desktop,West,organic
CUST00779,1,2.37,1.95,0.1373,0.1602,1,199.79,199.79,261,0.001,mobile,East,organic
CUST00780,1,2.45,1.93,0.1078,0.0985,1,389.14,389.14,249,0.001,desktop,West,organic
CUST00781,1,2.22,1.92,0.1374,0.0718,1,187.78,187.78,265,0.0072,mobile,East,organic
CUST00782,1,2.4,1.96,0.2257,0.1706,1,397.9,397.9,251,0.001,mobile,North,paid_search
CUST00783,1,2.56,2.02,0.1648,0.1699,1,242.47,242.47,262,0.001,desktop,West,organic
CUST00784,1,1.83,1.47,0.3155,0.0725,1,668.62,668.62,259,0.001,mobile,South,direct
CUST00785,3,2.92,2.32,0.1609,0.0441,1,89.01,89.01,265,0.001,desktop,East,social
CUST00786,2,2.91,2.23,0.1393,0.1039,1,27.49,27.49,268,0.0218,tablet,International,social
CUST00787,2,2.69,2.18,0.1767,0.1514,1,73.53,73.53,269,0.001,desktop,South,organic
CUST00788,1,2.55,1.91,0.121,0.0906,1,916.24,916.24,266,0.0667,mobile,East,paid_search
CUST00789,1,1.1,1.07,0.157,0.145,1,202.17,202.17,275,0.0866,mobile,South,organic
CUST00790,1,1.95,1.66,0.2229,0.0806,1,274.16,274.16,260,0.0476,mobile,North,email
CUST00791,1,2.15,1.81,0.1769,0.0141,1,66.59,66.59,268,0.001,desktop,East,paid_search
CUST00792,1,1.86,1.63,0.1017,0.0754,1,265.33,265.33,261,0.0884,desktop,East,email
CUST00793,1,2.47,2.02,0.1131,0.1138,1,69.18,69.18,258,0.0936,desktop,South,paid_search
CUST00794,1,1.91,1.57,0.153,0.1094,1,82.95,82.95,269,0.0106,desktop,South,direct
CUST00795,1,1.83,1.55,0.1619,0.0518,1,148.84,148.84,259,0.0806,desktop,West,organic
CUST00796,2,2.93,2.36,0.2317,0.0297,1,424.01,424.01,265,0.001,desktop,North,organic
CUST00797,1,2.3,1.84,0.1159,0.1033,1,483.77,483.77,254,0.001,mobile,South,social
CUST00798,2,2.89,2.35,0.1737,0.1791,1,500.3,500.3,256,0.001,desktop,West,direct
CUST00799,4,3.55,2.67,0.1639,0.1713,1,34.41,34.41,278,0.0919,desktop,International,social
CUST00800,2,2.79,2.28,0.0479,0.1546,1,242.69,242.69,260,0.001,mobile,South,organic
CUST00801,2,2.6,2.01,0.1291,0.0787,1,191.89,191.89,252,0.0173,tablet,West,paid_search
CUST00802,1,2.06,1.67,0.1219,0.0502,1,36.87,36.87,256,0.0173,tablet,North,direct
CUST00803,2,2.88,2.15,0.1313,0.1446,1,249.57,249.57,272,0.001,desktop,North,organic
CUST00804,3,3.34,2.58,0.1952,0.1627,1,179.59,179.59,248,0.001,desktop,West,organic
CUST00805,1,1.81,1.46,0.1499,0.1295,1,460.27,460.27,257,0.0188,mobile,International,email
CUST00806,1,2.03,1.68,0.1475,0.0223,1,270.52,270.52,256,0.001,mobile,North,email
CUST00807,2,2.51,2.04,0.1731,0.0613,1,124.15,124.15,252,0.001,mobile,North,social
CUST00808,2,2.83,2.27,0.2506,0.1131,1,767.75,767.75,279,0.0157,mobile,North,direct
CUST00809,1,2.15,1.66,0.2728,0.1594,1,15.74,15.74,261,0.0669,mobile,South,organic
CUST00810,3,2.94,2.24,0.0519,0.1402,1,226.02,226.02,255,0.0595,mobile,West,paid_search
CUST00811,2,2.56,2.03,0.2326,0.1523,1,27.72,27.72,253,0.001,desktop,East,social
CUST00812,1,2.49,1.88,0.1665,0.1396,1,79.3,79.3,269,0.001,mobile,East,social
CUST00813,2,2.61,2.03,0.1477,0.0997,1,467.89,467.89,260,0.001,mobile,East,email
CUST00814,2,2.75,2.09,0.1594,0.1604,1,50.71,50.71,261,0.0914,mobile,West,direct
CUST00815,1,1.98,1.66,0.1613,0.1232,1,42.16,42.16,250,0.0502,mobile,North,paid_search
CUST00816,1,2.43,1.94,0.1732,0.1188,1,4638.18,4638.18,253,0.0521,mobile,West,organic
CUST00817,2,2.76,2.1,0.1623,0.122,1,45.65,45.65,266,0.0556,mobile,International,paid_search
CUST00818,2,2.61,2.0,0.1289,0.1259,1,1879.3,1879.3,270,0.0303,mobile,North,social
CUST00819,2,2.83,2.26,0.1523,0.1468,1,197.81,197.81,251,0.0236,mobile,West,organic
CUST00820,3,3.01,2.32,0.1785,0.1298,1,127.96,127.96,259,0.0477,mobile,West,email
CUST00821,1,2.11,1.84,0.1954,0.1344,1,492.78,492.78,255,0.001,tablet,North,organic
CUST00822,1,1.81,1.62,0.228,0.1979,1,1275.26,1275.26,264,0.001,mobile,North,organic
CUST00823,1,2.16,1.77,0.1364,0.1252,1,59.41,59.41,282,0.0393,desktop,East,paid_search
CUST00824,3,3.13,2.41,0.1838,0.0861,1,130.29,130.29,272,0.0704,mobile,East,social
CUST00825,3,3.22,2.54,0.2004,0.1493,1,696.47,696.47,253,0.001,mobile,East,paid_search
CUST00826,2,2.57,2.07,0.2106,0.0368,1,349.23,349.23,271,0.0497,mobile,North,social
CUST00827,3,2.99,2.26,0.1764,0.0721,1,954.36,954.36,259,0.0979,tablet,West,paid_search
CUST00828,3,3.29,2.53,0.1539,0.1318,1,462.31,462.31,259,0.0141,mobile,South,organic
CUST00829,4,3.45,2.62,0.1609,0.1302,1,2283.45,2283.45,259,0.001,desktop,South,organic
CUST00830,1,2.54,1.96,0.0943,0.0424,1,305.08,305.08,243,0.0274,desktop,South,social
CUST00831,2,2.58,2.08,0.1431,0.0864,1,321.81,321.81,261,0.001,mobile,West,paid_search
CUST00832,3,2.99,2.29,0.2086,0.0897,1,364.08,364.08,268,0.001,tablet,North,direct
CUST00833,1,1.95,1.61,0.2084,0.0994,1,205.2,205.2,275,0.0284,mobile,North,paid_search
CUST00834,3,3.26,2.48,0.1592,0.1682,1,697.51,697.51,273,0.001,mobile,North,paid_search
CUST00835,1,1.89,1.61,0.1739,0.1488,1,327.92,327.92,249,0.001,mobile,North,paid_search
CUST00836,2,2.8,2.15,0.1205,0.1115,1,647.76,647.76,252,0.0181,mobile,North,organic
CUST00837,1,1.97,1.76,0.2222,0.1048,1,785.72,785.72,249,0.0173,mobile,East,social
CUST00838,2,2.88,2.12,0.1593,0.0461,1,415.39,415.39,265,0.0284,desktop,West,social
CUST00839,2,2.63,2.1,0.1522,0.1868,1,454.73,454.73,264,0.1056,mobile,West,email
CUST00840,2,2.51,2.01,0.1182,0.1223,1,70.25,70.25,270,0.0141,desktop,East,organic
CUST00841,1,2.0,1.62,0.1391,0.0619,1,123.99,123.99,273,0.0373,mobile,North,organic
CUST00842,1,2.12,1.76,0.169,0.1715,1,693.47,693.47,260,0.001,tablet,International,organic
CUST00843,2,2.61,2.21,0.1997,0.1129,1,1420.0,1420.0,272,0.0464,mobile,North,organic
CUST00844,3,3.05,2.39,0.1696,0.1196,1,22.27,22.27,271,0.001,desktop,West,paid_search
CUST00845,1,2.41,2.04,0.2316,0.1266,1,121.34,121.34,268,0.0133,desktop,International,direct
CUST00846,4,3.45,2.67,0.2543,0.0904,1,251.94,251.94,254,0.0109,mobile,West,social
CUST00847,3,3.14,2.34,0.1128,0.0919,1,82.6,82.6,262,0.0644,mobile,North,email
CUST00848,2,2.84,2.28,0.1704,0.1225,1,88.59,88.59,270,0.001,mobile,South,paid_search
CUST00849,1,2.42,2.1,0.1314,0.0892,1,439.92,439.92,274,0.001,mobile,North,organic
CUST00850,2,2.7,2.1,0.1688,0.1641,1,1725.46,1725.46,266,0.001,mobile,East,organic
CUST00851,1,0.5,1.0,0.1828,0.1444,1,19.89,19.89,318,0.0106,desktop,East,organic
CUST00852,1,0.5,1.0,0.0254,0.01,1,198.23,198.23,317,0.001,mobile,West,social
CUST00853,1,0.5,1.0,0.1206,0.01,1,433.64,433.64,321,0.0476,mobile,North,paid_search
CUST00854,1,0.5,1.0,0.0908,0.01,1,641.42,641.42,319,0.0088,mobile,West,email
CUST00855,1,0.5,1.0,0.0278,0.0397,1,362.92,362.92,321,0.001,desktop,West,direct
CUST00856,1,0.5,1.0,0.0312,0.011,1,2155.14,2155.14,314,0.001,mobile,North,paid_search
CUST00857,1,0.5,1.0,0.0291,0.0666,1,253.59,253.59,306,0.001,mobile,South,social
CUST00858,1,0.5,1.0,0.0456,0.0632,1,1237.09,1237.09,306,0.0439,mobile,East,social
CUST00859,1,0.5,1.0,0.01,0.01,1,110.13,110.13,311,0.001,mobile,East,organic
CUST00860,1,0.5,1.0,0.085,0.01,1,262.86,262.86,315,0.001,desktop,North,direct
CUST00861,1,0.5,1.0,0.1694,0.0533,1,54.71,54.71,304,0.0145,desktop,North,organic
CUST00862,1,0.5,1.0,0.067,0.0398,1,744.5,744.5,323,0.001,desktop,West,social
CUST00863,1,0.5,1.0,0.01,0.0194,1,210.87,210.87,328,0.014,desktop,North,paid_search
CUST00864,1,0.5,1.0,0.0353,0.01,1,380.68,380.68,300,0.0771,tablet,North,paid_search
CUST00865,1,0.5,1.0,0.047,0.0646,1,166.16,166.16,327,0.001,mobile,West,paid_search
CUST00866,1,0.5,1.0,0.0497,0.1285,1,504.89,504.89,310,0.001,mobile,East,email
CUST00867,1,0.5,1.0,0.1,0.0449,1,399.77,399.77,317,0.001,mobile,East,organic
CUST00868,1,0.5,1.0,0.1126,0.01,1,71.63,71.63,318,0.001,mobile,East,organic
CUST00869,1,0.5,1.0,0.01,0.0361,1,76.93,76.93,328,0.001,mobile,East,paid_search
CUST00870,1,0.5,1.0,0.0828,0.01,1,236.44,236.44,306,0.0153,mobile,East,organic
CUST00871,1,0.5,1.0,0.1162,0.0706,1,552.62,552.62,319,0.071,mobile,International,social
CUST00872,1,0.5,1.0,0.1632,0.0437,1,2442.97,2442.97,312,0.001,mobile,North,email
CUST00873,1,0.5,1.0,0.1967,0.01,1,355.75,355.75,320,0.0071,desktop,North,email
CUST00874,1,0.5,1.0,0.0227,0.0243,1,849.34,849.34,302,0.001,tablet,North,social
CUST00875,1,0.5,1.0,0.2156,0.0677,1,33.38,33.38,321,0.001,mobile,West,direct
CUST00876,1,0.5,1.0,0.0488,0.0218,1,2940.45,2940.45,316,0.001,desktop,East,social
CUST00877,1,0.5,1.0,0.0268,0.0168,1,517.04,517.04,318,0.001,desktop,North,direct
CUST00878,1,0.5,1.0,0.0842,0.01,1,230.15,230.15,325,0.001,tablet,South,organic
CUST00879,1,0.5,1.0,0.0223,0.055,1,199.65,199.65,313,0.0042,mobile,North,paid_search
CUST00880,1,0.5,1.0,0.1007,0.017,1,62.33,62.33,335,0.001,desktop,South,direct
CUST00881,1,0.5,1.0,0.01,0.01,1,88.73,88.73,304,0.001,mobile,International,social
CUST00882,1,0.5,1.0,0.0472,0.0141,1,2590.72,2590.72,300,0.001,desktop,West,email
CUST00883,1,0.5,1.0,0.1251,0.083,1,72.13,72.13,302,0.001,desktop,North,organic
CUST00884,1,0.5,1.0,0.0554,0.0126,1,70.43,70.43,304,0.001,desktop,South,email
CUST00885,1,0.5,1.0,0.0711,0.1234,1,102.79,102.79,319,0.001,mobile,North,social
CUST00886,1,0.5,1.0,0.1184,0.0817,1,55.7,55.7,327,0.0215,desktop,West,organic
CUST00887,1,0.5,1.0,0.1378,0.0652,1,249.36,249.36,305,0.001,mobile,East,organic
CUST00888,1,0.5,1.0,0.01,0.0382,1,939.15,939.15,330,0.001,mobile,International,organic
CUST00889,1,0.5,1.0,0.1381,0.068,1,115.12,115.12,318,0.001,mobile,West,direct
CUST00890,1,0.5,1.0,0.0633,0.0331,1,44.87,44.87,329,0.001,desktop,East,social
CUST00891,1,0.5,1.0,0.0731,0.0219,1,350.9,350.9,308,0.001,tablet,West,direct
CUST00892,1,0.5,1.0,0.1287,0.0721,1,228.4,228.4,309,0.0931,desktop,West,paid_search
CUST00893,1,0.5,1.0,0.0275,0.01,1,844.31,844.31,307,0.001,mobile,North,direct
CUST00894,1,0.5,1.0,0.027,0.01,1,139.58,139.58,315,0.001,mobile,East,paid_search
CUST00895,1,0.5,1.0,0.01,0.01,1,177.45,177.45,326,0.001,mobile,East,organic
CUST00896,1,0.5,1.0,0.0655,0.1613,1,203.43,203.43,328,0.001,mobile,East,organic
CUST00897,1,0.5,1.0,0.1241,0.0579,1,273.13,273.13,324,0.001,mobile,North,direct
CUST00898,1,0.5,1.0,0.0636,0.0561,1,150.67,150.67,312,0.0037,mobile,North,paid_search
CUST00899,1,0.5,1.0,0.01,0.01,1,123.34,123.34,308,0.001,mobile,South,organic
CUST00900,1,0.5,1.0,0.0643,0.0867,1,24.89,24.89,319,0.0385,desktop,North,organic
CUST00901,1,0.5,1.0,0.01,0.0316,1,121.71,121.71,317,0.0191,desktop,International,organic
CUST00902,1,0.5,1.0,0.01,0.0474,1,591.94,591.94,308,0.001,desktop,West,email
CUST00903,1,0.5,1.0,0.0888,0.01,1,699.38,699.38,316,0.001,mobile,West,paid_search
CUST00904,1,0.5,1.0,0.0216,0.0572,1,136.74,136.74,312,0.001,mobile,East,social
CUST00905,1,0.5,1.0,0.1268,0.0208,1,1218.13,1218.13,310,0.001,mobile,West,direct
CUST00906,1,0.5,1.0,0.0762,0.0104,1,236.17,236.17,316,0.1167,mobile,International,paid_search
CUST00907,1,0.5,1.0,0.0665,0.0718,1,46.88,46.88,311,0.0175,desktop,South,email
CUST00908,1,0.5,1.0,0.0525,0.01,1,31.79,31.79,323,0.001,mobile,West,paid_search
CUST00909,1,0.5,1.0,0.1237,0.0811,1,1101.84,1101.84,315,0.001,desktop,South,direct
CUST00910,1,0.5,1.0,0.1192,0.0831,1,154.36,154.36,313,0.001,tablet,West,organic
CUST00911,1,0.5,1.0,0.0893,0.01,1,54.62,54.62,318,0.001,mobile,West,social
CUST00912,1,0.5,1.0,0.0882,0.01,1,15.02,15.02,316,0.001,mobile,International,social
CUST00913,1,0.5,1.0,0.0586,0.0293,1,150.09,150.09,312,0.001,tablet,North,organic
CUST00914,1,0.5,1.0,0.091,0.0504,1,403.4,403.4,315,0.001,desktop,South,paid_search
CUST00915,1,0.5,1.0,0.0299,0.0154,1,103.36,103.36,299,0.001,desktop,North,paid_search
CUST00916,1,0.5,1.0,0.0653,0.059,1,66.62,66.62,315,0.0017,desktop,East,organic
CUST00917,1,0.5,1.0,0.0443,0.1199,1,124.14,124.14,313,0.0284,mobile,East,social
CUST00918,1,0.5,1.0,0.0567,0.0232,1,1136.31,1136.31,310,0.0328,mobile,South,direct
CUST00919,1,0.5,1.0,0.0516,0.01,1,43.79,43.79,316,0.0165,mobile,West,social
CUST00920,1,0.5,1.0,0.0964,0.0847,1,110.76,110.76,318,0.001,mobile,South,paid_search
CUST00921,1,0.5,1.0,0.1352,0.125,1,1091.68,1091.68,308,0.0278,mobile,West,organic
CUST00922,1,0.5,1.0,0.1221,0.0557,1,450.51,450.51,315,0.0039,mobile,North,organic
CUST00923,1,0.5,1.0,0.0101,0.01,1,305.29,305.29,311,0.001,desktop,South,paid_search
CUST00924,1,0.5,1.0,0.1537,0.0499,1,109.84,109.84,320,0.001,desktop,East,direct
CUST00925,1,0.5,1.0,0.0636,0.01,1,254.09,254.09,319,0.001,mobile,East,email
CUST00926,1,0.5,1.0,0.1246,0.0924,1,125.93,125.93,324,0.001,mobile,North,paid_search
CUST00927,1,0.5,1.0,0.0338,0.01,1,84.65,84.65,306,0.1146,desktop,West,paid_search
CUST00928,1,0.5,1.0,0.0826,0.0304,1,64.45,64.45,328,0.001,mobile,East,social
CUST00929,1,0.5,1.0,0.0619,0.01,1,644.5,644.5,318,0.001,desktop,West,social
CUST00930,1,0.5,1.0,0.0319,0.0756,1,227.1,227.1,318,0.001,desktop,West,social
CUST00931,1,0.5,1.0,0.1284,0.0446,1,360.85,360.85,332,0.001,mobile,East,email
CUST00932,1,0.5,1.0,0.1502,0.06,1,295.11,295.11,310,0.1004,mobile,International,organic
CUST00933,1,0.5,1.0,0.035,0.0218,1,421.83,421.83,324,0.001,desktop,West,direct
CUST00934,1,0.5,1.0,0.145,0.01,1,178.64,178.64,319,0.0324,mobile,International,organic
CUST00935,1,0.5,1.0,0.0634,0.0747,1,134.97,134.97,329,0.001,mobile,West,paid_search
CUST00936,1,0.5,1.0,0.1245,0.048,1,89.39,89.39,316,0.0012,mobile,West,direct
CUST00937,1,0.5,1.0,0.01,0.01,1,42.67,42.67,316,0.0278,tablet,East,paid_search
CUST00938,1,0.5,1.0,0.176,0.1416,1,61.2,61.2,315,0.001,mobile,North,organic
CUST00939,1,0.5,1.0,0.1437,0.0641,1,155.81,155.81,332,0.001,tablet,International,organic
CUST00940,1,0.5,1.0,0.0883,0.0588,1,33.78,33.78,318,0.0704,mobile,West,social
CUST00941,1,0.5,1.0,0.01,0.1156,1,44.37,44.37,310,0.0398,mobile,South,organic
CUST00942,1,0.5,1.0,0.0896,0.1373,1,886.43,886.43,306,0.0319,desktop,South,paid_search
CUST00943,1,0.5,1.0,0.01,0.0319,1,322.76,322.76,322,0.025,mobile,West,paid_search
CUST00944,1,0.5,1.0,0.087,0.0544,1,140.04,140.04,313,0.0122,mobile,East,email
CUST00945,1,0.5,1.0,0.079,0.01,1,4047.09,4047.09,319,0.0881,mobile,North,organic
CUST00946,1,0.5,1.0,0.0235,0.0342,1,31.95,31.95,328,0.001,mobile,North,social
CUST00947,1,0.5,1.0,0.1236,0.0293,1,816.51,816.51,324,0.013,mobile,West,paid_search
CUST00948,1,0.5,1.0,0.1329,0.0679,1,213.22,213.22,321,0.001,desktop,South,social
CUST00949,1,0.5,1.0,0.1205,0.0591,1,645.26,645.26,320,0.001,desktop,East,organic
CUST00950,1,0.5,1.0,0.0783,0.0752,1,279.94,279.94,327,0.001,tablet,West,social
CUST00951,1,0.5,1.0,0.01,0.0401,1,24.23,24.23,316,0.0518,desktop,West,social
CUST00952,1,0.5,1.0,0.1308,0.01,1,275.31,275.31,334,0.001,desktop,North,organic
CUST00953,1,0.5,1.0,0.0724,0.01,1,370.36,370.36,314,0.001,desktop,North,email
CUST00954,1,0.5,1.0,0.01,0.0187,1,16.32,16.32,332,0.001,desktop,East,email
CUST00955,1,0.5,1.0,0.1409,0.0296,1,2700.54,2700.54,327,0.001,mobile,West,organic
CUST00956,1,0.5,1.0,0.1836,0.1004,1,359.38,359.38,316,0.001,mobile,North,social
CUST00957,1,0.5,1.0,0.0888,0.01,1,561.16,561.16,312,0.0586,desktop,South,social
CUST00958,1,0.5,1.0,0.1894,0.0322,1,58.0,58.0,322,0.0054,mobile,West,organic
CUST00959,1,0.5,1.0,0.0604,0.0777,1,574.23,574.23,321,0.001,tablet,International,paid_search
CUST00960,1,0.5,1.0,0.0611,0.034,1,939.84,939.84,320,0.0396,mobile,East,direct
CUST00961,1,0.5,1.0,0.0339,0.0606,1,334.69,334.69,327,0.001,mobile,North,social
CUST00962,1,0.5,1.0,0.168,0.0467,1,241.88,241.88,321,0.001,desktop,South,direct
CUST00963,1,0.5,1.0,0.0166,0.0428,1,81.15,81.15,313,0.001,mobile,North,social
CUST00964,1,0.5,1.0,0.0968,0.022,1,187.34,187.34,319,0.001,tablet,North,organic
CUST00965,1,0.5,1.0,0.055,0.0846,1,130.0,130.0,319,0.001,tablet,East,organic
CUST00966,1,0.5,1.0,0.0413,0.01,1,495.96,495.96,319,0.001,desktop,East,social
CUST00967,1,0.5,1.0,0.1167,0.0192,1,85.65,85.65,304,0.001,mobile,North,social
CUST00968,1,0.5,1.0,0.0694,0.0703,1,491.49,491.49,316,0.0653,mobile,West,organic
CUST00969,1,0.5,1.0,0.0348,0.0562,1,86.81,86.81,308,0.0112,mobile,East,social
CUST00970,1,0.5,1.0,0.1349,0.1222,1,176.97,176.97,319,0.001,desktop,East,email
CUST00971,1,0.5,1.0,0.1572,0.0273,1,523.7,523.7,325,0.001,mobile,International,email
CUST00972,1,0.5,1.0,0.1145,0.1246,1,102.59,102.59,319,0.001,mobile,East,organic
CUST00973,1,0.5,1.0,0.0537,0.021,1,546.49,546.49,314,0.001,mobile,International,organic
CUST00974,1,0.5,1.0,0.0237,0.0914,1,484.46,484.46,309,0.001,mobile,South,direct
CUST00975,1,0.5,1.0,0.0886,0.0933,1,175.1,175.1,314,0.001,desktop,North,email
CUST00976,1,0.5,1.0,0.0893,0.01,1,1027.6,1027.6,325,0.001,mobile,East,paid_search
CUST00977,1,0.5,1.0,0.0213,0.057,1,269.37,269.37,329,0.001,mobile,East,email
CUST00978,1,0.5,1.0,0.1012,0.0347,1,954.78,954.78,315,0.001,desktop,North,organic
CUST00979,1,0.5,1.0,0.0679,0.0674,1,2242.2,2242.2,319,0.005,desktop,West,organic
CUST00980,1,0.5,1.0,0.01,0.0396,1,181.63,181.63,318,0.0991,desktop,North,organic
CUST00981,1,0.5,1.0,0.0316,0.032,1,542.73,542.73,330,0.001,desktop,West,organic
CUST00982,1,0.5,1.0,0.0453,0.1099,1,111.33,111.33,314,0.001,mobile,East,email
CUST00983,1,0.5,1.0,0.0737,0.0419,1,68.33,68.33,305,0.001,mobile,West,social
CUST00984,1,0.5,1.0,0.1797,0.0943,1,192.21,192.21,315,0.001,tablet,East,organic
CUST00985,1,0.5,1.0,0.0689,0.0197,1,45.47,45.47,324,0.0167,tablet,International,email
CUST00986,1,0.5,1.0,0.0496,0.1413,1,76.85,76.85,337,0.0146,desktop,South,email
CUST00987,1,0.5,1.0,0.0984,0.0207,1,508.02,508.02,315,0.001,desktop,International,organic
CUST00988,1,0.5,1.0,0.0401,0.01,1,129.74,129.74,324,0.0288,tablet,North,social
CUST00989,1,0.5,1.0,0.0989,0.1272,1,588.51,588.51,323,0.1125,mobile,West,social
CUST00990,1,0.5,1.0,0.1008,0.0202,1,354.19,354.19,316,0.0738,mobile,East,social
CUST00991,1,0.5,1.0,0.161,0.1449,1,2407.8,2407.8,311,0.001,desktop,West,social
CUST00992,1,0.5,1.0,0.0787,0.0934,1,467.61,467.61,333,0.001,tablet,West,organic
CUST00993,1,0.5,1.0,0.1744,0.0508,1,968.97,968.97,326,0.001,desktop,West,paid_search
CUST00994,1,0.5,1.0,0.1216,0.01,1,401.98,401.98,316,0.001,desktop,North,email
CUST00995,1,0.5,1.0,0.0592,0.0592,1,359.47,359.47,326,0.0061,mobile,West,email
CUST00996,1,0.5,1.0,0.2076,0.0673,1,1031.36,1031.36,327,0.001,mobile,North,organic
CUST00997,1,0.5,1.0,0.0632,0.0815,1,558.96,558.96,322,0.001,mobile,North,organic
CUST00998,1,0.5,1.0,0.0228,0.1163,1,317.18,317.18,322,0.0276,tablet,North,email
CUST00999,1,0.5,1.0,0.1678,0.0186,1,315.45,315.45,318,0.001,mobile,East,paid_search
CUST01000,1,0.5,1.0,0.1746,0.0817,1,475.71,475.71,314,0.001,mobile,West,paid_search
